timestamp;open;high;low;close;volume
2024-09-24T04:01:00Z;2627.0;2627.5;2626.5;2627.5;7.0
2024-09-24T04:02:00Z;2628.5;2628.5;2628.5;2628.5;1.0
2024-09-24T04:08:00Z;2626.5;2626.5;2626.5;2626.5;2.0
2024-09-24T04:10:00Z;2626.5;2626.5;2626.5;2626.5;1.0
2024-09-24T04:16:00Z;2625.5;2625.5;2625.5;2625.5;1.0
2024-09-24T04:20:00Z;2623.0;2623.0;2623.0;2623.0;1.0
2024-09-24T04:23:00Z;2626.0;2626.0;2626.0;2626.0;2.0
2024-09-24T04:30:00Z;2627.0;2627.0;2627.0;2627.0;1.0
2024-09-24T04:31:00Z;2629.0;2629.0;2629.0;2629.0;4.0
2024-09-24T04:35:00Z;2627.5;2627.5;2627.5;2627.5;3.0
2024-09-24T04:43:00Z;2628.0;2628.0;2628.0;2628.0;1.0
2024-09-24T04:49:00Z;2621.5;2621.5;2621.5;2621.5;1.0
2024-09-24T04:54:00Z;2621.5;2621.5;2621.5;2621.5;1.0
2024-09-24T05:00:00Z;2626.5;2627.5;2626.5;2627.5;13.0
2024-09-24T05:01:00Z;2627.5;2627.5;2627.5;2627.5;2.0
2024-09-24T05:05:00Z;2628.0;2628.0;2628.0;2628.0;1.0
2024-09-24T05:06:00Z;2632.5;2633.0;2632.5;2633.0;5.0
2024-09-24T05:07:00Z;2631.0;2631.0;2631.0;2631.0;3.0
2024-09-24T05:08:00Z;2631.0;2631.0;2631.0;2631.0;1.0
2024-09-24T05:12:00Z;2632.0;2632.0;2632.0;2632.0;2.0
2024-09-24T05:14:00Z;2633.0;2633.0;2632.0;2632.0;3.0
2024-09-24T05:16:00Z;2633.0;2633.0;2633.0;2633.0;8.0
2024-09-24T05:17:00Z;2633.0;2633.0;2633.0;2633.0;1.0
2024-09-24T05:18:00Z;2631.5;2631.5;2631.5;2631.5;2.0
2024-09-24T05:21:00Z;2630.0;2630.0;2630.0;2630.0;2.0
2024-09-24T05:22:00Z;2631.0;2631.0;2631.0;2631.0;2.0
2024-09-24T05:23:00Z;2632.0;2632.0;2632.0;2632.0;1.0
2024-09-24T05:24:00Z;2631.0;2631.0;2630.5;2630.5;4.0
2024-09-24T05:25:00Z;2631.0;2631.0;2631.0;2631.0;2.0
2024-09-24T05:26:00Z;2632.0;2632.0;2632.0;2632.0;1.0
2024-09-24T05:28:00Z;2633.5;2633.5;2633.5;2633.5;1.0
2024-09-24T05:30:00Z;2636.0;2636.0;2634.5;2634.5;2.0
2024-09-24T05:31:00Z;2634.5;2634.5;2633.0;2633.0;4.0
2024-09-24T05:32:00Z;2631.5;2631.5;2631.0;2631.0;2.0
2024-09-24T05:33:00Z;2629.0;2629.0;2629.0;2629.0;1.0
2024-09-24T05:35:00Z;2629.5;2629.5;2629.5;2629.5;1.0
2024-09-24T05:38:00Z;2631.0;2631.0;2631.0;2631.0;1.0
2024-09-24T05:46:00Z;2631.5;2631.5;2631.5;2631.5;5.0
2024-09-24T05:49:00Z;2634.5;2634.5;2634.5;2634.5;1.0
2024-09-24T05:50:00Z;2635.5;2635.5;2635.5;2635.5;5.0
2024-09-24T05:52:00Z;2635.5;2635.5;2635.5;2635.5;1.0
2024-09-24T05:54:00Z;2637.0;2637.0;2636.5;2636.5;6.0
2024-09-24T05:55:00Z;2636.0;2636.0;2636.0;2636.0;1.0
2024-09-24T05:57:00Z;2635.0;2635.0;2635.0;2635.0;1.0
2024-09-24T06:00:00Z;2635.5;2636.0;2635.5;2636.0;2.0
2024-09-24T06:01:00Z;2637.5;2638.0;2637.5;2637.5;5.0
2024-09-24T06:02:00Z;2637.5;2637.5;2637.5;2637.5;2.0
2024-09-24T06:06:00Z;2637.0;2638.0;2637.0;2638.0;9.0
2024-09-24T06:07:00Z;2638.0;2638.0;2638.0;2638.0;1.0
2024-09-24T06:08:00Z;2638.5;2640.5;2638.5;2640.5;12.0
2024-09-24T06:09:00Z;2640.5;2640.5;2639.5;2639.5;9.0
2024-09-24T06:10:00Z;2638.5;2639.0;2638.5;2639.0;6.0
2024-09-24T06:11:00Z;2639.5;2639.5;2639.5;2639.5;2.0
2024-09-24T06:12:00Z;2641.5;2641.5;2640.5;2640.5;3.0
2024-09-24T06:14:00Z;2641.0;2642.0;2641.0;2642.0;7.0
2024-09-24T06:15:00Z;2641.5;2641.5;2641.5;2641.5;2.0
2024-09-24T06:16:00Z;2641.0;2641.5;2641.0;2641.5;3.0
2024-09-24T06:17:00Z;2641.5;2644.0;2641.5;2644.0;17.0
2024-09-24T06:18:00Z;2644.0;2647.0;2644.0;2647.0;20.0
2024-09-24T06:19:00Z;2647.5;2648.5;2647.0;2647.0;11.0
2024-09-24T06:20:00Z;2647.0;2647.0;2645.0;2645.0;7.0
2024-09-24T06:21:00Z;2644.5;2645.5;2644.5;2645.5;3.0
2024-09-24T06:23:00Z;2644.0;2644.0;2644.0;2644.0;1.0
2024-09-24T06:24:00Z;2645.0;2645.0;2644.0;2644.0;2.0
2024-09-24T06:25:00Z;2644.5;2644.5;2644.5;2644.5;1.0
2024-09-24T06:28:00Z;2643.0;2643.0;2642.0;2642.0;3.0
2024-09-24T06:30:00Z;2642.0;2642.0;2642.0;2642.0;1.0
2024-09-24T06:33:00Z;2645.0;2645.0;2645.0;2645.0;1.0
2024-09-24T06:34:00Z;2643.5;2644.0;2643.5;2644.0;2.0
2024-09-24T06:36:00Z;2643.0;2643.0;2643.0;2643.0;1.0
2024-09-24T06:38:00Z;2642.5;2643.5;2642.5;2643.5;6.0
2024-09-24T06:40:00Z;2644.0;2644.0;2644.0;2644.0;1.0
2024-09-24T06:41:00Z;2647.5;2649.5;2647.5;2649.5;10.0
2024-09-24T06:42:00Z;2647.5;2647.5;2645.5;2645.5;4.0
2024-09-24T06:43:00Z;2648.0;2648.0;2646.0;2646.0;8.0
2024-09-24T06:44:00Z;2647.0;2647.0;2647.0;2647.0;1.0
2024-09-24T06:45:00Z;2644.5;2644.5;2644.0;2644.0;2.0
2024-09-24T06:48:00Z;2647.5;2649.0;2647.5;2649.0;9.0
2024-09-24T06:49:00Z;2647.5;2648.5;2647.5;2648.5;3.0
2024-09-24T06:51:00Z;2647.5;2647.5;2647.5;2647.5;2.0
2024-09-24T06:53:00Z;2644.0;2644.0;2643.0;2643.0;2.0
2024-09-24T06:54:00Z;2644.0;2644.0;2644.0;2644.0;1.0
2024-09-24T06:58:00Z;2642.5;2644.0;2642.5;2644.0;13.0
2024-09-24T06:59:00Z;2644.0;2644.0;2644.0;2644.0;3.0
2024-09-24T07:00:00Z;2645.5;2646.0;2645.5;2646.0;8.0
2024-09-24T07:01:00Z;2644.0;2644.0;2644.0;2644.0;1.0
2024-09-24T07:02:00Z;2645.5;2645.5;2645.5;2645.5;1.0
2024-09-24T07:04:00Z;2649.0;2649.0;2648.5;2648.5;6.0
2024-09-24T07:05:00Z;2649.0;2650.0;2649.0;2650.0;3.0
2024-09-24T07:06:00Z;2651.0;2651.0;2650.5;2650.5;9.0
2024-09-24T07:07:00Z;2649.0;2649.0;2649.0;2649.0;1.0
2024-09-24T07:13:00Z;2651.0;2651.0;2651.0;2651.0;1.0
2024-09-24T07:15:00Z;2652.5;2652.5;2652.5;2652.5;1.0
2024-09-24T07:16:00Z;2653.5;2653.5;2653.5;2653.5;1.0
2024-09-24T07:19:00Z;2651.0;2651.5;2651.0;2651.5;5.0
2024-09-24T07:20:00Z;2653.0;2653.0;2653.0;2653.0;1.0
2024-09-24T07:22:00Z;2653.0;2653.0;2652.0;2653.0;3.0
2024-09-24T07:23:00Z;2651.5;2651.5;2650.0;2650.0;2.0
2024-09-24T07:24:00Z;2650.5;2650.5;2650.5;2650.5;1.0
2024-09-24T07:26:00Z;2648.5;2648.5;2648.5;2648.5;1.0
2024-09-24T07:28:00Z;2645.5;2645.5;2645.5;2645.5;1.0
2024-09-24T07:29:00Z;2645.5;2645.5;2645.5;2645.5;1.0
2024-09-24T07:31:00Z;2644.5;2644.5;2642.5;2643.0;6.0
2024-09-24T07:32:00Z;2642.5;2642.5;2642.5;2642.5;1.0
2024-09-24T07:33:00Z;2641.5;2641.5;2641.5;2641.5;1.0
2024-09-24T07:40:00Z;2643.5;2643.5;2643.5;2643.5;1.0
2024-09-24T07:45:00Z;2646.0;2647.5;2646.0;2647.5;6.0
2024-09-24T07:59:00Z;2650.5;2650.5;2650.5;2650.5;1.0
2024-09-24T08:06:00Z;2649.0;2649.5;2649.0;2649.5;3.0
2024-09-24T08:20:00Z;2652.0;2652.0;2652.0;2652.0;1.0
2024-09-24T08:25:00Z;2658.5;2658.5;2658.5;2658.5;1.0
2024-09-24T08:26:00Z;2659.0;2659.0;2656.5;2658.0;6.0
2024-09-24T08:27:00Z;2656.5;2656.5;2656.5;2656.5;1.0
2024-09-24T08:30:00Z;2659.0;2659.0;2659.0;2659.0;2.0
2024-09-24T08:31:00Z;2658.5;2660.0;2658.5;2660.0;5.0
2024-09-24T08:32:00Z;2660.5;2660.5;2660.0;2660.0;2.0
2024-09-24T08:34:00Z;2659.0;2659.5;2659.0;2659.5;2.0
2024-09-24T08:37:00Z;2668.5;2670.5;2668.5;2670.5;3.0
2024-09-24T08:38:00Z;2671.5;2671.5;2667.0;2667.0;6.0
2024-09-24T08:41:00Z;2663.0;2663.0;2662.0;2662.0;2.0
2024-09-24T08:43:00Z;2661.5;2661.5;2661.5;2661.5;1.0
2024-09-24T08:45:00Z;2664.5;2664.5;2664.5;2664.5;1.0
2024-09-24T08:46:00Z;2661.5;2661.5;2661.5;2661.5;1.0
2024-09-24T08:47:00Z;2666.5;2668.5;2666.5;2668.5;4.0
2024-09-24T08:48:00Z;2669.5;2669.5;2667.5;2667.5;3.0
2024-09-24T08:52:00Z;2661.5;2661.5;2661.5;2661.5;1.0
2024-09-24T08:53:00Z;2663.5;2663.5;2663.5;2663.5;1.0
2024-09-24T08:54:00Z;2664.5;2666.0;2664.5;2666.0;3.0
2024-09-24T08:59:00Z;2667.0;2667.0;2667.0;2667.0;2.0
2024-09-24T09:05:00Z;2663.5;2663.5;2661.0;2661.0;4.0
2024-09-24T09:08:00Z;2662.0;2662.0;2662.0;2662.0;1.0
2024-09-24T09:09:00Z;2663.0;2663.0;2661.0;2662.0;5.0
2024-09-24T09:18:00Z;2659.5;2659.5;2659.5;2659.5;2.0
2024-09-24T09:26:00Z;2651.5;2653.0;2651.5;2653.0;2.0
2024-09-24T09:30:00Z;2654.5;2654.5;2654.5;2654.5;1.0
2024-09-24T09:38:00Z;2650.5;2651.5;2650.5;2651.5;6.0
2024-09-24T09:39:00Z;2653.0;2653.0;2653.0;2653.0;1.0
2024-09-24T09:41:00Z;2653.0;2653.0;2653.0;2653.0;1.0
2024-09-24T09:47:00Z;2651.0;2651.0;2651.0;2651.0;4.0
2024-09-24T09:48:00Z;2651.5;2651.5;2651.0;2651.0;3.0
2024-09-24T09:50:00Z;2652.0;2652.0;2652.0;2652.0;1.0
2024-09-24T09:54:00Z;2649.5;2649.5;2649.5;2649.5;12.0
2024-09-24T09:57:00Z;2648.0;2649.0;2648.0;2648.5;5.0
2024-09-24T09:58:00Z;2647.5;2647.5;2647.5;2647.5;1.0
2024-09-24T10:02:00Z;2646.0;2647.0;2646.0;2646.5;4.0
2024-09-24T10:05:00Z;2649.5;2649.5;2649.5;2649.5;1.0
2024-09-24T10:16:00Z;2653.5;2654.5;2653.5;2653.5;4.0
2024-09-24T10:18:00Z;2652.0;2652.5;2652.0;2652.0;3.0
2024-09-24T10:22:00Z;2654.0;2654.0;2654.0;2654.0;1.0
2024-09-24T10:26:00Z;2651.5;2651.5;2651.5;2651.5;1.0
2024-09-24T10:28:00Z;2652.5;2652.5;2652.5;2652.5;1.0
2024-09-24T10:33:00Z;2652.0;2652.0;2652.0;2652.0;2.0
2024-09-24T10:48:00Z;2653.5;2653.5;2653.5;2653.5;1.0
2024-09-24T10:53:00Z;2652.0;2652.0;2652.0;2652.0;2.0
2024-09-24T11:00:00Z;2649.0;2649.5;2648.5;2649.5;5.0
2024-09-24T11:03:00Z;2643.5;2644.5;2643.5;2644.5;3.0
2024-09-24T11:04:00Z;2644.0;2644.0;2644.0;2644.0;1.0
2024-09-24T11:09:00Z;2642.0;2642.0;2642.0;2642.0;1.0
2024-09-24T11:10:00Z;2642.5;2643.0;2642.5;2642.5;3.0
2024-09-24T11:14:00Z;2645.0;2645.0;2645.0;2645.0;1.0
2024-09-24T11:24:00Z;2643.5;2643.5;2641.5;2642.5;5.0
2024-09-24T11:25:00Z;2643.0;2643.0;2643.0;2643.0;1.0
2024-09-24T11:30:00Z;2646.0;2646.0;2646.0;2646.0;1.0
2024-09-24T11:31:00Z;2646.5;2646.5;2646.5;2646.5;1.0
2024-09-24T11:34:00Z;2646.0;2646.0;2646.0;2646.0;1.0
2024-09-24T11:37:00Z;2650.0;2650.0;2650.0;2650.0;5.0
2024-09-24T11:39:00Z;2647.5;2647.5;2647.5;2647.5;1.0
2024-09-24T11:40:00Z;2647.0;2647.0;2647.0;2647.0;1.0
2024-09-24T11:41:00Z;2644.0;2644.0;2638.5;2643.5;65.0
2024-09-24T11:42:00Z;2642.5;2646.0;2642.5;2646.0;6.0
2024-09-24T11:44:00Z;2644.0;2644.0;2643.0;2643.0;3.0
2024-09-24T11:46:00Z;2643.0;2643.0;2643.0;2643.0;1.0
2024-09-24T11:48:00Z;2644.0;2644.0;2642.0;2642.0;2.0
2024-09-24T11:49:00Z;2642.5;2643.0;2642.5;2642.5;3.0
2024-09-24T11:51:00Z;2642.0;2642.0;2642.0;2642.0;1.0
2024-09-24T11:52:00Z;2642.0;2642.5;2641.5;2641.5;3.0
2024-09-24T11:53:00Z;2641.5;2641.5;2641.5;2641.5;1.0
2024-09-24T11:54:00Z;2642.0;2642.0;2642.0;2642.0;1.0
2024-09-24T11:55:00Z;2640.5;2640.5;2639.0;2639.0;6.0
2024-09-24T11:56:00Z;2639.5;2640.0;2639.5;2640.0;3.0
2024-09-24T11:57:00Z;2639.5;2640.0;2637.5;2638.0;9.0
2024-09-24T11:58:00Z;2638.5;2639.0;2638.5;2639.0;3.0
2024-09-24T12:00:00Z;2640.0;2640.0;2639.5;2640.0;3.0
2024-09-24T12:06:00Z;2643.0;2644.0;2643.0;2644.0;12.0
2024-09-24T12:07:00Z;2643.5;2643.5;2643.5;2643.5;2.0
2024-09-24T12:08:00Z;2643.5;2643.5;2642.5;2642.5;2.0
2024-09-24T12:10:00Z;2639.0;2639.0;2639.0;2639.0;1.0
2024-09-24T12:11:00Z;2639.0;2639.0;2639.0;2639.0;2.0
2024-09-24T12:13:00Z;2639.5;2639.5;2639.5;2639.5;1.0
2024-09-24T12:14:00Z;2639.0;2639.5;2639.0;2639.5;2.0
2024-09-24T12:15:00Z;2638.5;2638.5;2638.5;2638.5;1.0
2024-09-24T12:16:00Z;2638.5;2638.5;2638.5;2638.5;1.0
2024-09-24T12:19:00Z;2642.0;2642.5;2642.0;2642.5;4.0
2024-09-24T12:20:00Z;2642.0;2643.0;2641.5;2643.0;6.0
2024-09-24T12:21:00Z;2644.5;2645.0;2644.5;2644.5;7.0
2024-09-24T12:22:00Z;2644.5;2645.0;2644.5;2645.0;4.0
2024-09-24T12:24:00Z;2645.5;2647.0;2645.5;2647.0;4.0
2024-09-24T12:25:00Z;2649.0;2649.0;2649.0;2649.0;1.0
2024-09-24T12:26:00Z;2646.0;2646.0;2646.0;2646.0;1.0
2024-09-24T12:28:00Z;2645.5;2645.5;2645.5;2645.5;3.0
2024-09-24T12:30:00Z;2644.0;2644.5;2644.0;2644.5;2.0
2024-09-24T12:32:00Z;2646.5;2646.5;2646.5;2646.5;1.0
2024-09-24T12:34:00Z;2645.0;2645.0;2645.0;2645.0;1.0
2024-09-24T12:35:00Z;2645.0;2645.0;2645.0;2645.0;1.0
2024-09-24T12:39:00Z;2643.5;2643.5;2643.5;2643.5;1.0
2024-09-24T12:40:00Z;2643.5;2643.5;2643.5;2643.5;1.0
2024-09-24T12:47:00Z;2640.0;2640.0;2640.0;2640.0;1.0
2024-09-24T12:48:00Z;2639.0;2639.0;2639.0;2639.0;1.0
2024-09-24T12:49:00Z;2638.5;2638.5;2638.5;2638.5;1.0
2024-09-24T12:50:00Z;2636.0;2636.0;2636.0;2636.0;1.0
2024-09-24T12:51:00Z;2638.5;2638.5;2638.5;2638.5;1.0
2024-09-24T12:52:00Z;2638.0;2638.0;2637.0;2637.0;2.0
2024-09-24T12:53:00Z;2636.0;2636.0;2636.0;2636.0;1.0
2024-09-24T12:54:00Z;2637.5;2637.5;2637.5;2637.5;3.0
2024-09-24T12:55:00Z;2636.0;2636.0;2634.5;2634.5;5.0
2024-09-24T12:56:00Z;2633.0;2633.0;2633.0;2633.0;1.0
2024-09-24T12:57:00Z;2636.0;2636.0;2636.0;2636.0;1.0
2024-09-24T12:58:00Z;2635.5;2636.5;2635.5;2636.0;33.0
2024-09-24T12:59:00Z;2636.5;2637.5;2636.5;2637.5;2.0
2024-09-24T13:00:00Z;2636.5;2637.5;2636.5;2637.5;9.0
2024-09-24T13:01:00Z;2637.5;2639.0;2637.5;2639.0;4.0
2024-09-24T13:02:00Z;2640.0;2640.0;2639.5;2639.5;2.0
2024-09-24T13:03:00Z;2639.5;2639.5;2639.5;2639.5;11.0
2024-09-24T13:04:00Z;2638.5;2640.5;2638.5;2640.5;16.0
2024-09-24T13:05:00Z;2640.0;2640.0;2638.5;2638.5;5.0
2024-09-24T13:08:00Z;2639.5;2639.5;2639.5;2639.5;13.0
2024-09-24T13:10:00Z;2641.0;2641.0;2640.0;2640.0;2.0
2024-09-24T13:11:00Z;2640.0;2640.0;2640.0;2640.0;1.0
2024-09-24T13:13:00Z;2643.0;2643.0;2643.0;2643.0;1.0
2024-09-24T13:14:00Z;2641.5;2642.5;2641.5;2642.5;2.0
2024-09-24T13:15:00Z;2642.0;2642.0;2642.0;2642.0;2.0
2024-09-24T13:19:00Z;2643.0;2643.5;2643.0;2643.0;8.0
2024-09-24T13:20:00Z;2644.0;2644.0;2643.5;2643.5;2.0
2024-09-24T13:23:00Z;2643.0;2643.0;2642.5;2642.5;3.0
2024-09-24T13:26:00Z;2639.5;2639.5;2637.5;2637.5;6.0
2024-09-24T13:27:00Z;2636.0;2637.0;2635.5;2635.5;10.0
2024-09-24T13:30:00Z;2636.0;2636.5;2635.5;2636.5;5.0
2024-09-24T13:31:00Z;2634.0;2634.0;2634.0;2634.0;1.0
2024-09-24T13:32:00Z;2642.5;2642.5;2642.5;2642.5;1.0
2024-09-24T13:33:00Z;2642.5;2644.0;2640.5;2640.5;23.0
2024-09-24T13:34:00Z;2639.5;2639.5;2639.5;2639.5;1.0
2024-09-24T13:35:00Z;2642.0;2642.0;2641.0;2641.0;3.0
2024-09-24T13:36:00Z;2642.5;2645.0;2642.5;2642.5;5.0
2024-09-24T13:38:00Z;2643.5;2643.5;2643.5;2643.5;2.0
2024-09-24T13:39:00Z;2643.5;2643.5;2643.5;2643.5;1.0
2024-09-24T13:42:00Z;2640.0;2640.0;2638.5;2638.5;4.0
2024-09-24T13:43:00Z;2640.5;2640.5;2640.5;2640.5;1.0
2024-09-24T13:46:00Z;2648.0;2648.5;2647.5;2647.5;8.0
2024-09-24T13:47:00Z;2647.5;2650.0;2647.5;2650.0;3.0
2024-09-24T13:48:00Z;2648.5;2651.0;2648.0;2651.0;15.0
2024-09-24T13:49:00Z;2650.0;2650.0;2645.5;2645.5;6.0
2024-09-24T13:50:00Z;2646.5;2647.0;2645.0;2647.0;3.0
2024-09-24T13:51:00Z;2646.5;2646.5;2646.5;2646.5;1.0
2024-09-24T13:52:00Z;2647.5;2649.0;2647.5;2649.0;2.0
2024-09-24T13:53:00Z;2649.0;2649.5;2649.0;2649.5;6.0
2024-09-24T13:54:00Z;2649.5;2649.5;2649.5;2649.5;2.0
2024-09-24T13:55:00Z;2649.0;2649.0;2649.0;2649.0;2.0
2024-09-24T13:56:00Z;2648.0;2648.0;2644.5;2644.5;5.0
2024-09-24T13:57:00Z;2644.5;2644.5;2644.5;2644.5;4.0
2024-09-24T13:58:00Z;2643.5;2643.5;2641.0;2641.0;2.0
2024-09-24T13:59:00Z;2640.0;2640.0;2640.0;2640.0;2.0
2024-09-24T14:00:00Z;2636.0;2636.0;2636.0;2636.0;2.0
2024-09-24T14:01:00Z;2630.5;2631.0;2627.0;2627.0;12.0
2024-09-24T14:02:00Z;2625.0;2625.0;2621.5;2621.5;5.0
2024-09-24T14:04:00Z;2619.5;2620.5;2619.5;2620.5;4.0
2024-09-24T14:05:00Z;2620.0;2620.0;2615.5;2618.5;6.0
2024-09-24T14:06:00Z;2615.0;2615.0;2615.0;2615.0;1.0
2024-09-24T14:07:00Z;2620.0;2629.5;2620.0;2627.0;72.0
2024-09-24T14:08:00Z;2628.5;2628.5;2626.0;2626.0;6.0
2024-09-24T14:09:00Z;2625.5;2625.5;2623.5;2624.5;4.0
2024-09-24T14:10:00Z;2632.0;2634.5;2632.0;2633.0;13.0
2024-09-24T14:11:00Z;2632.5;2632.5;2620.5;2621.5;64.0
2024-09-24T14:12:00Z;2622.5;2622.5;2622.0;2622.0;2.0
2024-09-24T14:13:00Z;2622.0;2622.0;2621.0;2621.0;3.0
2024-09-24T14:14:00Z;2623.5;2623.5;2618.5;2618.5;6.0
2024-09-24T14:15:00Z;2617.5;2622.5;2617.5;2622.5;6.0
2024-09-24T14:16:00Z;2620.0;2620.0;2618.0;2618.0;4.0
2024-09-24T14:17:00Z;2619.5;2619.5;2616.5;2616.5;4.0
2024-09-24T14:18:00Z;2617.5;2617.5;2616.5;2617.0;11.0
2024-09-24T14:19:00Z;2617.0;2617.0;2613.5;2613.5;8.0
2024-09-24T14:20:00Z;2617.5;2618.0;2613.5;2614.5;13.0
2024-09-24T14:21:00Z;2617.5;2617.5;2614.0;2617.0;13.0
2024-09-24T14:22:00Z;2615.0;2616.0;2615.0;2616.0;2.0
2024-09-24T14:23:00Z;2612.0;2612.0;2603.5;2609.0;33.0
2024-09-24T14:24:00Z;2605.5;2610.0;2603.0;2610.0;13.0
2024-09-24T14:25:00Z;2612.5;2612.5;2608.5;2608.5;2.0
2024-09-24T14:26:00Z;2606.0;2606.5;2605.5;2606.5;3.0
2024-09-24T14:27:00Z;2608.0;2608.0;2596.5;2598.5;16.0
2024-09-24T14:28:00Z;2600.5;2600.5;2595.0;2596.0;8.0
2024-09-24T14:29:00Z;2598.5;2598.5;2598.5;2598.5;1.0
2024-09-24T14:30:00Z;2598.5;2602.0;2598.0;2599.0;10.0
2024-09-24T14:31:00Z;2603.5;2606.0;2603.5;2604.0;25.0
2024-09-24T14:32:00Z;2603.5;2603.5;2602.5;2602.5;3.0
2024-09-24T14:33:00Z;2602.5;2602.5;2602.5;2602.5;1.0
2024-09-24T14:34:00Z;2601.0;2601.0;2598.0;2598.5;4.0
2024-09-24T14:35:00Z;2601.0;2601.0;2599.0;2599.0;5.0
2024-09-24T14:36:00Z;2602.5;2604.0;2601.0;2601.0;6.0
2024-09-24T14:37:00Z;2596.0;2601.5;2595.5;2601.5;6.0
2024-09-24T14:40:00Z;2604.5;2604.5;2601.0;2601.0;6.0
2024-09-24T14:41:00Z;2602.5;2603.0;2600.0;2600.0;4.0
2024-09-24T14:42:00Z;2599.0;2599.0;2598.5;2598.5;2.0
2024-09-24T14:43:00Z;2604.0;2604.5;2603.5;2604.5;7.0
2024-09-24T14:44:00Z;2608.0;2608.5;2608.0;2608.0;3.0
2024-09-24T14:45:00Z;2608.0;2609.0;2608.0;2609.0;9.0
2024-09-24T14:46:00Z;2608.5;2614.5;2608.5;2612.5;12.0
2024-09-24T14:47:00Z;2612.0;2612.5;2612.0;2612.5;2.0
2024-09-24T14:48:00Z;2610.0;2610.0;2608.0;2608.5;5.0
2024-09-24T14:49:00Z;2609.0;2612.5;2609.0;2612.5;7.0
2024-09-24T14:50:00Z;2613.0;2614.0;2611.0;2611.0;3.0
2024-09-24T14:51:00Z;2609.5;2609.5;2609.0;2609.0;2.0
2024-09-24T14:54:00Z;2615.5;2615.5;2615.5;2615.5;2.0
2024-09-24T14:55:00Z;2615.5;2616.0;2615.5;2616.0;2.0
2024-09-24T14:56:00Z;2614.5;2614.5;2614.5;2614.5;1.0
2024-09-24T14:57:00Z;2617.5;2617.5;2617.0;2617.0;3.0
2024-09-24T14:58:00Z;2619.0;2619.5;2616.0;2616.0;17.0
2024-09-24T14:59:00Z;2617.0;2617.0;2617.0;2617.0;1.0
2024-09-24T15:00:00Z;2615.5;2618.0;2615.5;2618.0;2.0
2024-09-24T15:01:00Z;2616.0;2616.0;2615.0;2615.0;4.0
2024-09-24T15:02:00Z;2612.0;2612.0;2612.0;2612.0;1.0
2024-09-24T15:06:00Z;2612.5;2614.0;2612.5;2614.0;2.0
2024-09-24T15:07:00Z;2615.0;2615.0;2615.0;2615.0;2.0
2024-09-24T15:08:00Z;2618.5;2620.0;2618.5;2619.0;3.0
2024-09-24T15:09:00Z;2621.5;2621.5;2619.5;2619.5;5.0
2024-09-24T15:10:00Z;2618.0;2619.0;2617.0;2617.0;14.0
2024-09-24T15:11:00Z;2620.0;2621.0;2620.0;2621.0;8.0
2024-09-24T15:12:00Z;2619.0;2619.0;2619.0;2619.0;3.0
2024-09-24T15:13:00Z;2617.0;2617.0;2617.0;2617.0;1.0
2024-09-24T15:14:00Z;2615.0;2615.0;2615.0;2615.0;1.0
2024-09-24T15:15:00Z;2617.5;2617.5;2617.5;2617.5;1.0
2024-09-24T15:16:00Z;2617.0;2620.0;2616.5;2619.5;19.0
2024-09-24T15:18:00Z;2618.0;2619.5;2617.5;2617.5;4.0
2024-09-24T15:19:00Z;2617.5;2617.5;2617.5;2617.5;1.0
2024-09-24T15:20:00Z;2617.0;2617.0;2617.0;2617.0;1.0
2024-09-24T15:22:00Z;2618.0;2618.0;2615.5;2615.5;8.0
2024-09-24T15:23:00Z;2614.0;2618.0;2614.0;2616.5;25.0
2024-09-24T15:24:00Z;2616.0;2617.0;2615.0;2615.0;3.0
2024-09-24T15:25:00Z;2616.0;2616.0;2616.0;2616.0;1.0
2024-09-24T15:28:00Z;2615.0;2615.0;2612.5;2612.5;3.0
2024-09-24T15:29:00Z;2611.5;2611.5;2611.5;2611.5;2.0
2024-09-24T15:30:00Z;2612.0;2613.5;2612.0;2613.5;5.0
2024-09-24T15:34:00Z;2613.5;2613.5;2613.5;2613.5;1.0
2024-09-24T15:37:00Z;2615.0;2616.0;2613.0;2613.0;6.0
2024-09-24T15:38:00Z;2610.0;2610.0;2609.5;2609.5;2.0
2024-09-24T15:39:00Z;2611.0;2617.0;2611.0;2614.5;27.0
2024-09-24T15:41:00Z;2614.5;2614.5;2612.5;2612.5;3.0
2024-09-24T15:43:00Z;2612.0;2612.0;2612.0;2612.0;2.0
2024-09-24T15:46:00Z;2615.5;2615.5;2615.5;2615.5;1.0
2024-09-24T15:47:00Z;2615.5;2615.5;2614.5;2614.5;2.0
2024-09-24T15:51:00Z;2618.5;2620.0;2616.5;2616.5;9.0
2024-09-24T15:52:00Z;2617.0;2617.0;2617.0;2617.0;1.0
2024-09-24T15:54:00Z;2621.0;2621.0;2621.0;2621.0;2.0
2024-09-24T15:56:00Z;2619.5;2619.5;2618.5;2618.5;4.0
2024-09-24T15:57:00Z;2618.0;2618.0;2618.0;2618.0;1.0
2024-09-24T15:59:00Z;2615.0;2615.0;2615.0;2615.0;1.0
2024-09-24T16:00:00Z;2618.0;2618.0;2618.0;2618.0;1.0
2024-09-24T16:01:00Z;2618.0;2618.0;2618.0;2618.0;1.0
2024-09-24T16:02:00Z;2619.0;2620.0;2618.0;2618.0;4.0
2024-09-24T16:04:00Z;2621.0;2621.0;2621.0;2621.0;2.0
2024-09-24T16:05:00Z;2621.0;2621.5;2620.5;2621.5;7.0
2024-09-24T16:07:00Z;2620.0;2621.0;2620.0;2621.0;2.0
2024-09-24T16:08:00Z;2616.5;2616.5;2615.5;2615.5;2.0
2024-09-24T16:11:00Z;2616.5;2616.5;2616.5;2616.5;1.0
2024-09-24T16:13:00Z;2616.0;2616.0;2616.0;2616.0;1.0
2024-09-24T16:14:00Z;2615.0;2615.0;2615.0;2615.0;1.0
2024-09-24T16:16:00Z;2615.5;2615.5;2615.5;2615.5;1.0
2024-09-24T16:18:00Z;2615.5;2617.0;2615.5;2617.0;3.0
2024-09-24T16:19:00Z;2620.5;2621.0;2620.5;2621.0;3.0
2024-09-24T16:23:00Z;2620.5;2620.5;2619.0;2619.0;2.0
2024-09-24T16:25:00Z;2617.5;2617.5;2617.0;2617.0;2.0
2024-09-24T16:26:00Z;2616.0;2616.0;2615.5;2615.5;2.0
2024-09-24T16:28:00Z;2617.5;2618.0;2617.5;2617.5;5.0
2024-09-24T16:30:00Z;2616.0;2616.0;2616.0;2616.0;1.0
2024-09-24T16:31:00Z;2616.5;2616.5;2616.5;2616.5;1.0
2024-09-24T16:33:00Z;2618.5;2618.5;2618.5;2618.5;3.0
2024-09-24T16:35:00Z;2620.5;2620.5;2620.5;2620.5;7.0
2024-09-24T16:36:00Z;2620.0;2622.5;2620.0;2622.0;8.0
2024-09-24T16:37:00Z;2624.5;2624.5;2624.5;2624.5;1.0
2024-09-24T16:39:00Z;2622.5;2622.5;2618.5;2622.0;28.0
2024-09-24T16:40:00Z;2623.0;2623.5;2623.0;2623.5;2.0
2024-09-24T16:41:00Z;2624.0;2625.0;2624.0;2625.0;3.0
2024-09-24T16:45:00Z;2625.0;2631.5;2625.0;2631.5;13.0
2024-09-24T16:47:00Z;2627.5;2628.5;2627.0;2627.0;8.0
2024-09-24T16:48:00Z;2629.5;2629.5;2629.5;2629.5;1.0
2024-09-24T16:53:00Z;2633.0;2635.5;2633.0;2635.5;4.0
2024-09-24T16:54:00Z;2637.0;2638.5;2636.0;2636.0;3.0
2024-09-24T16:55:00Z;2634.5;2634.5;2633.0;2633.0;2.0
2024-09-24T16:56:00Z;2633.0;2634.5;2633.0;2634.5;5.0
2024-09-24T16:57:00Z;2632.5;2633.0;2632.5;2632.5;3.0
2024-09-24T16:58:00Z;2632.5;2632.5;2631.5;2631.5;2.0
2024-09-24T16:59:00Z;2631.5;2631.5;2631.5;2631.5;1.0
2024-09-24T17:01:00Z;2632.5;2632.5;2632.5;2632.5;1.0
2024-09-24T17:04:00Z;2636.5;2636.5;2636.5;2636.5;1.0
2024-09-24T17:05:00Z;2635.0;2635.0;2635.0;2635.0;1.0
2024-09-24T17:06:00Z;2636.5;2636.5;2636.5;2636.5;1.0
2024-09-24T17:07:00Z;2635.5;2636.0;2635.5;2636.0;2.0
2024-09-24T17:09:00Z;2637.0;2637.5;2637.0;2637.5;2.0
2024-09-24T17:10:00Z;2635.0;2635.0;2634.5;2634.5;2.0
2024-09-24T17:11:00Z;2633.0;2633.0;2633.0;2633.0;1.0
2024-09-24T17:13:00Z;2632.0;2632.0;2632.0;2632.0;1.0
2024-09-24T17:14:00Z;2633.0;2635.5;2633.0;2635.5;13.0
2024-09-24T17:17:00Z;2635.0;2635.5;2634.0;2635.5;3.0
2024-09-24T17:18:00Z;2633.0;2633.0;2633.0;2633.0;1.0
2024-09-24T17:20:00Z;2634.0;2634.0;2634.0;2634.0;2.0
2024-09-24T17:21:00Z;2636.0;2639.0;2636.0;2639.0;2.0
2024-09-24T17:22:00Z;2637.5;2638.0;2637.5;2638.0;3.0
2024-09-24T17:23:00Z;2637.0;2638.0;2637.0;2638.0;3.0
2024-09-24T17:24:00Z;2638.0;2638.0;2637.5;2637.5;5.0
2024-09-24T17:25:00Z;2638.0;2639.5;2638.0;2639.5;6.0
2024-09-24T17:26:00Z;2643.0;2647.0;2643.0;2645.5;4.0
2024-09-24T17:27:00Z;2647.5;2647.5;2645.5;2645.5;3.0
2024-09-24T17:28:00Z;2643.5;2643.5;2643.5;2643.5;1.0
2024-09-24T17:30:00Z;2642.0;2642.0;2641.0;2641.0;2.0
2024-09-24T17:31:00Z;2642.0;2642.0;2642.0;2642.0;1.0
2024-09-24T17:32:00Z;2649.5;2649.5;2647.0;2647.5;4.0
2024-09-24T17:33:00Z;2647.0;2647.0;2646.5;2646.5;2.0
2024-09-24T17:34:00Z;2647.0;2647.5;2647.0;2647.5;3.0
2024-09-24T17:35:00Z;2651.5;2651.5;2651.5;2651.5;1.0
2024-09-24T17:36:00Z;2649.5;2649.5;2648.5;2648.5;3.0
2024-09-24T17:38:00Z;2650.5;2650.5;2650.5;2650.5;1.0
2024-09-24T17:39:00Z;2653.5;2655.5;2652.5;2652.5;6.0
2024-09-24T17:40:00Z;2654.0;2654.5;2653.5;2654.5;5.0
2024-09-24T17:41:00Z;2654.0;2654.0;2654.0;2654.0;1.0
2024-09-24T17:42:00Z;2655.0;2655.0;2655.0;2655.0;1.0
2024-09-24T17:43:00Z;2654.5;2654.5;2653.0;2653.0;2.0
2024-09-24T17:44:00Z;2652.0;2652.0;2651.5;2651.5;6.0
2024-09-24T17:45:00Z;2650.0;2651.0;2647.5;2647.5;10.0
2024-09-24T17:46:00Z;2649.0;2651.0;2649.0;2651.0;6.0
2024-09-24T17:48:00Z;2652.0;2653.0;2652.0;2653.0;4.0
2024-09-24T17:49:00Z;2650.5;2651.5;2650.0;2651.5;3.0
2024-09-24T17:50:00Z;2653.0;2654.5;2653.0;2654.5;2.0
2024-09-24T17:51:00Z;2653.0;2653.0;2653.0;2653.0;1.0
2024-09-24T17:52:00Z;2655.5;2656.5;2655.5;2656.5;4.0
2024-09-24T17:53:00Z;2653.5;2654.0;2653.5;2654.0;2.0
2024-09-24T17:56:00Z;2656.0;2661.0;2656.0;2661.0;8.0
2024-09-24T17:57:00Z;2659.5;2660.5;2659.5;2660.5;2.0
2024-09-24T17:58:00Z;2657.0;2657.0;2655.0;2655.0;2.0
2024-09-24T17:59:00Z;2652.5;2652.5;2652.5;2652.5;1.0
2024-09-24T18:00:00Z;2652.0;2653.0;2652.0;2653.0;2.0
2024-09-24T18:01:00Z;2649.5;2652.0;2649.0;2652.0;8.0
2024-09-24T18:02:00Z;2652.0;2652.5;2652.0;2652.5;2.0
2024-09-24T18:03:00Z;2655.5;2655.5;2654.5;2654.5;2.0
2024-09-24T18:04:00Z;2655.5;2655.5;2655.5;2655.5;1.0
2024-09-24T18:06:00Z;2654.5;2654.5;2654.5;2654.5;1.0
2024-09-24T18:07:00Z;2653.5;2654.0;2651.5;2653.0;4.0
2024-09-24T18:08:00Z;2649.5;2649.5;2649.5;2649.5;2.0
2024-09-24T18:09:00Z;2648.5;2649.5;2647.0;2647.5;9.0
2024-09-24T18:10:00Z;2646.0;2646.5;2645.0;2646.0;5.0
2024-09-24T18:11:00Z;2645.0;2646.0;2644.5;2644.5;4.0
2024-09-24T18:12:00Z;2645.0;2645.0;2642.0;2642.0;3.0
2024-09-24T18:13:00Z;2644.0;2644.0;2640.0;2640.0;5.0
2024-09-24T18:14:00Z;2642.0;2642.0;2642.0;2642.0;5.0
2024-09-24T18:15:00Z;2641.5;2643.0;2641.5;2643.0;2.0
2024-09-24T18:16:00Z;2643.0;2644.5;2643.0;2644.5;3.0
2024-09-24T18:17:00Z;2641.5;2641.5;2641.5;2641.5;1.0
2024-09-24T18:18:00Z;2642.5;2642.5;2642.5;2642.5;1.0
2024-09-24T18:19:00Z;2645.0;2645.0;2645.0;2645.0;1.0
2024-09-24T18:20:00Z;2645.5;2646.0;2645.5;2646.0;3.0
2024-09-24T18:22:00Z;2644.5;2645.5;2644.5;2645.5;2.0
2024-09-24T18:24:00Z;2648.0;2648.0;2648.0;2648.0;1.0
2024-09-24T18:26:00Z;2645.0;2645.0;2644.0;2644.0;3.0
2024-09-24T18:27:00Z;2644.5;2644.5;2644.5;2644.5;2.0
2024-09-24T18:29:00Z;2642.5;2642.5;2642.5;2642.5;1.0
2024-09-24T18:30:00Z;2638.5;2639.5;2638.5;2639.5;3.0
2024-09-24T18:31:00Z;2640.5;2641.5;2640.5;2641.5;2.0
2024-09-24T18:33:00Z;2642.0;2644.5;2642.0;2644.5;3.0
2024-09-24T18:35:00Z;2644.0;2644.0;2644.0;2644.0;1.0
2024-09-24T18:37:00Z;2642.5;2642.5;2642.5;2642.5;4.0
2024-09-24T18:38:00Z;2642.0;2642.0;2642.0;2642.0;2.0
2024-09-24T18:39:00Z;2644.0;2646.0;2644.0;2645.0;5.0
2024-09-24T18:41:00Z;2644.0;2645.0;2643.0;2643.0;5.0
2024-09-24T18:42:00Z;2645.0;2645.0;2645.0;2645.0;1.0
2024-09-24T18:43:00Z;2643.5;2643.5;2643.5;2643.5;1.0
2024-09-24T18:46:00Z;2641.5;2641.5;2641.5;2641.5;5.0
2024-09-24T18:47:00Z;2641.0;2641.0;2641.0;2641.0;2.0
2024-09-24T18:50:00Z;2640.0;2640.5;2640.0;2640.5;4.0
2024-09-24T18:52:00Z;2641.5;2641.5;2641.5;2641.5;1.0
2024-09-24T18:53:00Z;2640.5;2640.5;2640.5;2640.5;1.0
2024-09-24T18:55:00Z;2641.0;2641.0;2641.0;2641.0;1.0
2024-09-24T18:56:00Z;2642.0;2642.0;2642.0;2642.0;1.0
2024-09-24T18:57:00Z;2643.0;2643.0;2643.0;2643.0;1.0
2024-09-24T19:00:00Z;2639.5;2639.5;2638.0;2638.0;13.0
2024-09-24T19:02:00Z;2639.5;2639.5;2639.5;2639.5;1.0
2024-09-24T19:04:00Z;2642.0;2643.0;2642.0;2643.0;4.0
2024-09-24T19:05:00Z;2642.5;2643.5;2642.5;2643.5;15.0
2024-09-24T19:06:00Z;2643.5;2643.5;2643.5;2643.5;2.0
2024-09-24T19:09:00Z;2644.5;2644.5;2644.5;2644.5;2.0
2024-09-24T19:14:00Z;2643.5;2643.5;2643.5;2643.5;1.0
2024-09-24T19:16:00Z;2644.5;2644.5;2643.0;2643.0;9.0
2024-09-24T19:17:00Z;2642.5;2642.5;2642.5;2642.5;1.0
2024-09-24T19:18:00Z;2642.5;2642.5;2642.5;2642.5;1.0
2024-09-24T19:20:00Z;2643.0;2645.0;2643.0;2645.0;2.0
2024-09-24T19:22:00Z;2644.5;2644.5;2644.5;2644.5;1.0
2024-09-24T19:23:00Z;2646.0;2646.0;2646.0;2646.0;4.0
2024-09-24T19:25:00Z;2645.5;2646.0;2645.5;2646.0;4.0
2024-09-24T19:26:00Z;2645.0;2645.0;2644.0;2644.0;6.0
2024-09-24T19:27:00Z;2645.5;2646.0;2643.5;2645.5;15.0
2024-09-24T19:29:00Z;2642.5;2642.5;2642.5;2642.5;1.0
2024-09-24T19:30:00Z;2641.0;2641.5;2641.0;2641.5;2.0
2024-09-24T19:31:00Z;2641.5;2641.5;2641.5;2641.5;1.0
2024-09-24T19:32:00Z;2641.0;2642.0;2640.5;2642.0;9.0
2024-09-24T19:33:00Z;2640.0;2640.0;2639.5;2639.5;3.0
2024-09-24T19:36:00Z;2641.5;2641.5;2641.5;2641.5;3.0
2024-09-24T19:39:00Z;2643.0;2643.0;2643.0;2643.0;2.0
2024-09-24T19:40:00Z;2644.5;2644.5;2644.5;2644.5;1.0
2024-09-24T19:44:00Z;2643.5;2643.5;2642.5;2642.5;4.0
2024-09-24T19:45:00Z;2644.0;2644.0;2644.0;2644.0;3.0
2024-09-24T19:46:00Z;2644.5;2644.5;2644.5;2644.5;1.0
2024-09-24T19:48:00Z;2648.0;2648.0;2648.0;2648.0;1.0
2024-09-24T19:49:00Z;2646.5;2647.5;2645.5;2647.5;8.0
2024-09-24T19:50:00Z;2649.5;2650.5;2649.5;2650.0;5.0
2024-09-24T19:52:00Z;2650.5;2650.5;2650.5;2650.5;2.0
2024-09-24T19:53:00Z;2653.0;2656.0;2653.0;2656.0;6.0
2024-09-24T19:54:00Z;2657.0;2659.5;2657.0;2659.5;6.0
2024-09-24T19:55:00Z;2656.0;2660.5;2654.5;2656.0;23.0
2024-09-24T19:56:00Z;2653.5;2653.5;2652.5;2652.5;2.0
2024-09-24T19:57:00Z;2655.5;2655.5;2655.5;2655.5;1.0
2024-09-24T19:58:00Z;2654.5;2654.5;2654.5;2654.5;1.0
2024-09-24T19:59:00Z;2656.5;2657.0;2653.5;2653.5;15.0
2024-09-24T20:00:00Z;2655.0;2655.0;2655.0;2655.0;2.0
2024-09-24T20:01:00Z;2654.0;2654.0;2653.5;2653.5;3.0
2024-09-24T20:02:00Z;2648.5;2650.5;2647.5;2650.5;5.0
2024-09-24T20:03:00Z;2650.5;2652.0;2650.5;2651.5;6.0
2024-09-24T20:04:00Z;2654.0;2655.5;2653.5;2654.0;7.0
2024-09-24T20:05:00Z;2657.5;2658.0;2657.5;2658.0;2.0
2024-09-24T20:06:00Z;2659.0;2659.0;2659.0;2659.0;2.0
2024-09-24T20:07:00Z;2658.5;2659.5;2658.5;2659.5;2.0
2024-09-24T20:08:00Z;2661.5;2663.0;2661.5;2663.0;2.0
2024-09-24T20:09:00Z;2653.5;2653.5;2647.0;2650.0;23.0
2024-09-24T20:10:00Z;2652.0;2653.0;2652.0;2653.0;5.0
2024-09-24T20:11:00Z;2649.0;2650.5;2649.0;2650.5;2.0
2024-09-24T20:12:00Z;2654.0;2654.0;2654.0;2654.0;2.0
2024-09-24T20:13:00Z;2651.0;2651.0;2651.0;2651.0;1.0
2024-09-24T20:15:00Z;2651.5;2651.5;2650.0;2650.0;6.0
2024-09-24T20:23:00Z;2645.5;2645.5;2645.0;2645.0;2.0
2024-09-24T20:26:00Z;2650.0;2657.0;2650.0;2655.0;14.0
2024-09-24T20:27:00Z;2657.5;2657.5;2657.5;2657.5;2.0
2024-09-24T20:30:00Z;2658.5;2658.5;2652.5;2652.5;2.0
2024-09-24T20:34:00Z;2655.5;2655.5;2655.5;2655.5;1.0
2024-09-24T20:35:00Z;2651.0;2651.0;2650.0;2650.0;6.0
2024-09-24T20:41:00Z;2652.0;2652.0;2652.0;2652.0;2.0
2024-09-24T20:51:00Z;2654.5;2654.5;2654.5;2654.5;1.0
2024-09-24T20:52:00Z;2656.5;2656.5;2656.5;2656.5;1.0
2024-09-24T20:57:00Z;2656.5;2656.5;2656.5;2656.5;1.0
2024-09-24T20:58:00Z;2651.5;2651.5;2651.5;2651.5;1.0
2024-09-24T22:00:00Z;2655.0;2655.0;2655.0;2655.0;3.0
2024-09-24T22:01:00Z;2660.5;2660.5;2660.5;2660.5;1.0
2024-09-24T22:05:00Z;2661.0;2661.5;2661.0;2661.5;2.0
2024-09-24T22:06:00Z;2664.0;2665.5;2664.0;2665.5;2.0
2024-09-24T22:07:00Z;2667.5;2668.0;2667.5;2668.0;2.0
2024-09-24T22:09:00Z;2666.0;2666.0;2666.0;2666.0;1.0
2024-09-24T22:10:00Z;2665.0;2665.0;2665.0;2665.0;1.0
2024-09-24T22:11:00Z;2667.5;2668.5;2667.5;2668.5;5.0
2024-09-24T22:12:00Z;2667.0;2671.0;2667.0;2670.5;6.0
2024-09-24T22:13:00Z;2675.0;2675.0;2674.0;2674.0;4.0
2024-09-24T22:14:00Z;2671.5;2672.5;2671.5;2672.5;4.0
2024-09-24T22:15:00Z;2671.0;2673.0;2671.0;2673.0;2.0
2024-09-24T22:18:00Z;2667.0;2667.0;2666.0;2666.0;4.0
2024-09-24T22:20:00Z;2664.5;2664.5;2660.0;2662.5;22.0
2024-09-24T22:29:00Z;2662.5;2662.5;2661.5;2661.5;2.0
2024-09-24T22:30:00Z;2657.5;2657.5;2657.5;2657.5;1.0
2024-09-24T22:31:00Z;2660.0;2660.5;2660.0;2660.0;3.0
2024-09-24T22:33:00Z;2662.0;2663.0;2662.0;2663.0;2.0
2024-09-24T22:36:00Z;2659.0;2659.0;2659.0;2659.0;1.0
2024-09-24T22:38:00Z;2658.0;2658.0;2658.0;2658.0;1.0
2024-09-24T22:40:00Z;2656.0;2656.0;2656.0;2656.0;1.0
2024-09-24T22:41:00Z;2657.0;2657.5;2656.5;2656.5;3.0
2024-09-24T22:42:00Z;2658.0;2658.0;2658.0;2658.0;1.0
2024-09-24T22:43:00Z;2656.5;2656.5;2656.5;2656.5;1.0
2024-09-24T22:47:00Z;2657.5;2657.5;2657.5;2657.5;2.0
2024-09-24T22:50:00Z;2660.0;2660.0;2660.0;2660.0;1.0
2024-09-24T22:54:00Z;2665.0;2666.0;2665.0;2666.0;2.0
2024-09-24T22:55:00Z;2666.5;2669.0;2666.5;2668.5;5.0
2024-09-24T22:56:00Z;2670.0;2670.0;2670.0;2670.0;1.0
2024-09-24T22:57:00Z;2671.0;2673.0;2670.5;2671.5;4.0
2024-09-24T22:58:00Z;2673.0;2673.5;2673.0;2673.5;2.0
2024-09-24T22:59:00Z;2669.5;2669.5;2669.5;2669.5;1.0
2024-09-24T23:00:00Z;2671.0;2671.0;2671.0;2671.0;1.0
2024-09-24T23:01:00Z;2668.0;2669.0;2665.5;2666.0;7.0
2024-09-24T23:02:00Z;2667.5;2668.0;2667.5;2668.0;2.0
2024-09-24T23:04:00Z;2670.5;2670.5;2670.5;2670.5;1.0
2024-09-24T23:05:00Z;2668.5;2668.5;2668.5;2668.5;4.0
2024-09-24T23:07:00Z;2665.0;2665.0;2665.0;2665.0;1.0
2024-09-24T23:08:00Z;2663.0;2663.0;2663.0;2663.0;1.0
2024-09-24T23:10:00Z;2662.5;2662.5;2662.5;2662.5;1.0
2024-09-24T23:12:00Z;2664.0;2664.0;2664.0;2664.0;1.0
2024-09-24T23:14:00Z;2663.5;2663.5;2661.0;2661.0;2.0
2024-09-24T23:15:00Z;2663.0;2663.5;2663.0;2663.0;3.0
2024-09-24T23:17:00Z;2662.0;2662.0;2662.0;2662.0;1.0
2024-09-24T23:20:00Z;2664.0;2664.0;2664.0;2664.0;1.0
2024-09-24T23:21:00Z;2663.5;2663.5;2663.0;2663.0;3.0
2024-09-24T23:22:00Z;2664.0;2664.5;2664.0;2664.5;3.0
2024-09-24T23:24:00Z;2663.0;2663.0;2663.0;2663.0;2.0
2024-09-24T23:32:00Z;2657.5;2657.5;2654.5;2657.0;15.0
2024-09-24T23:33:00Z;2657.0;2657.0;2657.0;2657.0;1.0
2024-09-24T23:35:00Z;2656.5;2657.5;2656.5;2657.5;2.0
2024-09-24T23:44:00Z;2658.5;2658.5;2657.5;2657.5;2.0
2024-09-24T23:49:00Z;2657.0;2657.0;2657.0;2657.0;4.0
2024-09-24T23:51:00Z;2656.5;2656.5;2656.5;2656.5;1.0
2024-09-24T23:52:00Z;2657.0;2657.0;2657.0;2657.0;1.0
2024-09-24T23:54:00Z;2655.5;2655.5;2655.5;2655.5;1.0
2024-09-24T23:55:00Z;2657.0;2657.0;2657.0;2657.0;3.0
2024-09-25T00:00:00Z;2655.5;2657.0;2655.5;2657.0;2.0
2024-09-25T00:00:00Z;2655.5;2657.0;2655.5;2657.0;2.0
2024-09-25T00:09:00Z;2653.5;2653.5;2653.5;2653.5;1.0
2024-09-25T00:10:00Z;2656.0;2656.0;2656.0;2656.0;1.0
2024-09-25T00:11:00Z;2654.5;2654.5;2654.5;2654.5;1.0
2024-09-25T00:16:00Z;2651.0;2651.0;2651.0;2651.0;1.0
2024-09-25T00:17:00Z;2651.5;2651.5;2651.5;2651.5;2.0
2024-09-25T00:18:00Z;2649.5;2649.5;2649.5;2649.5;1.0
2024-09-25T00:20:00Z;2647.0;2647.0;2647.0;2647.0;3.0
2024-09-25T00:21:00Z;2646.0;2646.0;2646.0;2646.0;3.0
2024-09-25T00:22:00Z;2646.0;2647.0;2646.0;2647.0;3.0
2024-09-25T00:23:00Z;2647.5;2648.5;2647.5;2648.5;2.0
2024-09-25T00:27:00Z;2644.0;2644.0;2644.0;2644.0;2.0
2024-09-25T00:28:00Z;2645.0;2647.0;2645.0;2647.0;10.0
2024-09-25T00:29:00Z;2650.0;2650.0;2648.0;2648.5;15.0
2024-09-25T00:31:00Z;2650.5;2650.5;2650.5;2650.5;1.0
2024-09-25T00:35:00Z;2652.5;2652.5;2652.5;2652.5;1.0
2024-09-25T00:38:00Z;2654.5;2654.5;2654.5;2654.5;1.0
2024-09-25T00:39:00Z;2656.0;2656.0;2656.0;2656.0;1.0
2024-09-25T00:40:00Z;2659.0;2659.5;2658.5;2658.5;4.0
2024-09-25T00:41:00Z;2659.0;2659.0;2659.0;2659.0;1.0
2024-09-25T00:42:00Z;2656.5;2656.5;2655.0;2655.0;4.0
2024-09-25T00:49:00Z;2657.5;2657.5;2657.5;2657.5;1.0
2024-09-25T00:51:00Z;2651.5;2651.5;2651.5;2651.5;1.0
2024-09-25T00:53:00Z;2650.5;2650.5;2635.0;2635.0;38.0
2024-09-25T00:54:00Z;2637.5;2637.5;2637.5;2637.5;4.0
2024-09-25T00:55:00Z;2637.5;2639.5;2637.5;2639.5;3.0
2024-09-25T00:56:00Z;2640.0;2640.5;2640.0;2640.5;3.0
2024-09-25T00:57:00Z;2640.0;2640.0;2640.0;2640.0;1.0
2024-09-25T00:58:00Z;2641.5;2641.5;2641.5;2641.5;1.0
2024-09-25T01:00:00Z;2640.5;2640.5;2640.5;2640.5;8.0
2024-09-25T01:01:00Z;2641.5;2641.5;2641.5;2641.5;2.0
2024-09-25T01:05:00Z;2644.5;2645.0;2644.5;2645.0;2.0
2024-09-25T01:06:00Z;2646.5;2646.5;2646.0;2646.0;4.0
2024-09-25T01:15:00Z;2647.5;2647.5;2646.5;2646.5;2.0
2024-09-25T01:21:00Z;2645.5;2645.5;2645.5;2645.5;8.0
2024-09-25T01:24:00Z;2645.5;2645.5;2645.5;2645.5;1.0
2024-09-25T01:25:00Z;2645.0;2645.0;2645.0;2645.0;1.0
2024-09-25T01:26:00Z;2648.5;2660.5;2648.5;2658.5;74.0
2024-09-25T01:27:00Z;2654.5;2656.5;2654.5;2656.5;4.0
2024-09-25T01:30:00Z;2654.5;2655.0;2652.5;2655.0;3.0
2024-09-25T01:32:00Z;2658.0;2658.0;2658.0;2658.0;1.0
2024-09-25T01:35:00Z;2655.5;2657.5;2655.5;2657.5;5.0
2024-09-25T01:36:00Z;2657.0;2657.0;2657.0;2657.0;4.0
2024-09-25T01:37:00Z;2658.5;2658.5;2658.5;2658.5;1.0
2024-09-25T01:38:00Z;2661.5;2661.5;2661.5;2661.5;1.0
2024-09-25T01:39:00Z;2673.5;2673.5;2673.5;2673.5;1.0
2024-09-25T01:40:00Z;2672.0;2676.5;2672.0;2676.5;4.0
2024-09-25T01:41:00Z;2675.0;2675.0;2668.5;2672.0;8.0
2024-09-25T01:42:00Z;2669.0;2669.0;2667.5;2667.5;3.0
2024-09-25T01:43:00Z;2671.5;2671.5;2670.0;2670.0;2.0
2024-09-25T01:45:00Z;2665.0;2665.0;2663.0;2663.0;4.0
2024-09-25T01:46:00Z;2659.5;2659.5;2659.5;2659.5;1.0
2024-09-25T01:47:00Z;2658.0;2659.0;2657.5;2659.0;3.0
2024-09-25T01:48:00Z;2660.0;2660.0;2660.0;2660.0;3.0
2024-09-25T01:50:00Z;2659.0;2659.5;2659.0;2659.5;2.0
2024-09-25T01:55:00Z;2659.5;2659.5;2659.5;2659.5;1.0
2024-09-25T01:58:00Z;2655.0;2655.0;2655.0;2655.0;1.0
2024-09-25T01:59:00Z;2656.5;2656.5;2655.5;2655.5;2.0
2024-09-25T02:01:00Z;2649.0;2649.0;2649.0;2649.0;2.0
2024-09-25T02:03:00Z;2649.5;2649.5;2649.5;2649.5;1.0
2024-09-25T02:04:00Z;2649.0;2649.0;2649.0;2649.0;1.0
2024-09-25T02:09:00Z;2650.0;2650.0;2648.5;2648.5;3.0
2024-09-25T02:10:00Z;2646.0;2646.0;2646.0;2646.0;1.0
2024-09-25T02:11:00Z;2645.0;2645.0;2644.0;2644.0;4.0
2024-09-25T02:13:00Z;2645.5;2645.5;2645.5;2645.5;3.0
2024-09-25T02:14:00Z;2646.0;2646.0;2645.5;2645.5;4.0
2024-09-25T02:15:00Z;2648.5;2648.5;2648.5;2648.5;2.0
2024-09-25T02:17:00Z;2650.5;2650.5;2650.5;2650.5;1.0
2024-09-25T02:22:00Z;2649.5;2649.5;2649.5;2649.5;1.0
2024-09-25T02:23:00Z;2650.5;2650.5;2649.5;2650.5;22.0
2024-09-25T02:24:00Z;2651.0;2651.0;2651.0;2651.0;1.0
2024-09-25T02:27:00Z;2649.5;2650.5;2649.5;2650.5;2.0
2024-09-25T02:28:00Z;2649.0;2649.0;2647.5;2647.5;16.0
2024-09-25T02:29:00Z;2647.5;2647.5;2647.5;2647.5;1.0
2024-09-25T02:31:00Z;2651.0;2651.0;2651.0;2651.0;1.0
2024-09-25T02:34:00Z;2650.5;2650.5;2650.5;2650.5;1.0
2024-09-25T02:46:00Z;2655.5;2655.5;2655.5;2655.5;1.0
2024-09-25T02:49:00Z;2654.0;2654.0;2654.0;2654.0;1.0
2024-09-25T02:52:00Z;2649.5;2649.5;2649.5;2649.5;1.0
2024-09-25T02:54:00Z;2651.5;2651.5;2651.5;2651.5;1.0
2024-09-25T02:59:00Z;2651.0;2651.0;2651.0;2651.0;1.0
2024-09-25T03:00:00Z;2650.5;2650.5;2650.5;2650.5;1.0
2024-09-25T03:02:00Z;2647.0;2647.5;2647.0;2647.5;2.0
2024-09-25T03:08:00Z;2642.5;2644.5;2642.5;2644.5;8.0
2024-09-25T03:09:00Z;2646.0;2646.0;2646.0;2646.0;1.0
2024-09-25T03:13:00Z;2645.5;2646.0;2645.5;2646.0;5.0
2024-09-25T03:14:00Z;2646.0;2646.0;2646.0;2646.0;2.0
2024-09-25T03:15:00Z;2645.0;2645.0;2644.5;2644.5;2.0
2024-09-25T03:16:00Z;2644.0;2644.5;2644.0;2644.5;3.0
2024-09-25T03:17:00Z;2643.5;2643.5;2643.5;2643.5;1.0
2024-09-25T03:19:00Z;2645.0;2645.0;2645.0;2645.0;1.0
2024-09-25T03:20:00Z;2644.0;2644.0;2644.0;2644.0;1.0
2024-09-25T03:27:00Z;2642.5;2642.5;2642.5;2642.5;1.0
2024-09-25T03:38:00Z;2649.0;2649.0;2649.0;2649.0;1.0
2024-09-25T03:42:00Z;2642.5;2642.5;2642.5;2642.5;1.0
2024-09-25T03:43:00Z;2642.5;2642.5;2642.5;2642.5;1.0
2024-09-25T03:50:00Z;2644.5;2644.5;2644.5;2644.5;1.0
2024-09-25T03:55:00Z;2648.5;2648.5;2648.5;2648.5;1.0
2024-09-25T04:01:00Z;2647.5;2647.5;2647.5;2647.5;1.0
2024-09-25T04:06:00Z;2645.0;2645.0;2645.0;2645.0;2.0
2024-09-25T04:10:00Z;2644.0;2644.0;2644.0;2644.0;1.0
2024-09-25T04:19:00Z;2639.0;2639.0;2639.0;2639.0;1.0
2024-09-25T04:28:00Z;2638.5;2638.5;2638.5;2638.5;1.0
2024-09-25T04:29:00Z;2640.0;2640.0;2640.0;2640.0;1.0
2024-09-25T04:30:00Z;2635.5;2635.5;2633.5;2634.0;17.0
2024-09-25T04:32:00Z;2636.5;2636.5;2636.5;2636.5;3.0
2024-09-25T04:33:00Z;2632.0;2632.0;2632.0;2632.0;2.0
2024-09-25T04:34:00Z;2633.5;2633.5;2633.5;2633.5;1.0
2024-09-25T04:36:00Z;2630.0;2630.0;2630.0;2630.0;2.0
2024-09-25T04:40:00Z;2633.5;2633.5;2633.5;2633.5;1.0
2024-09-25T04:42:00Z;2632.0;2632.5;2632.0;2632.5;2.0
2024-09-25T04:45:00Z;2631.5;2632.0;2630.0;2631.0;11.0
2024-09-25T04:46:00Z;2633.0;2633.0;2633.0;2633.0;5.0
2024-09-25T04:47:00Z;2635.0;2635.0;2635.0;2635.0;5.0
2024-09-25T04:58:00Z;2627.5;2628.0;2627.5;2628.0;2.0
2024-09-25T05:00:00Z;2626.5;2627.5;2625.0;2625.5;7.0
2024-09-25T05:01:00Z;2629.0;2629.0;2629.0;2629.0;3.0
2024-09-25T05:02:00Z;2630.5;2631.5;2630.5;2631.5;2.0
2024-09-25T05:03:00Z;2631.0;2631.0;2631.0;2631.0;1.0
2024-09-25T05:10:00Z;2631.5;2633.0;2631.5;2633.0;2.0
2024-09-25T05:12:00Z;2632.5;2632.5;2632.5;2632.5;1.0
2024-09-25T05:13:00Z;2629.5;2629.5;2629.5;2629.5;1.0
2024-09-25T05:15:00Z;2629.0;2629.0;2629.0;2629.0;1.0
2024-09-25T05:18:00Z;2631.0;2631.0;2631.0;2631.0;1.0
2024-09-25T05:19:00Z;2631.0;2631.0;2631.0;2631.0;2.0
2024-09-25T05:20:00Z;2632.0;2632.0;2632.0;2632.0;2.0
2024-09-25T05:22:00Z;2630.0;2630.0;2630.0;2630.0;1.0
2024-09-25T05:23:00Z;2627.5;2627.5;2627.5;2627.5;1.0
2024-09-25T05:24:00Z;2629.5;2629.5;2629.5;2629.5;1.0
2024-09-25T05:30:00Z;2630.0;2630.0;2630.0;2630.0;1.0
2024-09-25T05:41:00Z;2628.0;2628.0;2628.0;2628.0;1.0
2024-09-25T05:45:00Z;2624.0;2624.5;2624.0;2624.0;3.0
2024-09-25T05:46:00Z;2624.5;2624.5;2624.5;2624.5;1.0
2024-09-25T05:47:00Z;2626.0;2626.0;2626.0;2626.0;2.0
2024-09-25T05:49:00Z;2623.5;2623.5;2623.5;2623.5;2.0
2024-09-25T05:50:00Z;2624.0;2624.0;2624.0;2624.0;1.0
2024-09-25T06:00:00Z;2625.0;2626.0;2624.5;2626.0;3.0
2024-09-25T06:03:00Z;2627.0;2627.0;2627.0;2627.0;1.0
2024-09-25T06:04:00Z;2626.0;2626.0;2624.0;2624.0;3.0
2024-09-25T06:05:00Z;2625.5;2626.5;2625.5;2625.5;10.0
2024-09-25T06:07:00Z;2626.0;2626.0;2626.0;2626.0;1.0
2024-09-25T06:10:00Z;2624.0;2624.5;2624.0;2624.5;3.0
2024-09-25T06:11:00Z;2625.5;2625.5;2625.0;2625.0;2.0
2024-09-25T06:12:00Z;2624.5;2624.5;2621.0;2622.5;8.0
2024-09-25T06:13:00Z;2626.0;2626.0;2626.0;2626.0;1.0
2024-09-25T06:14:00Z;2625.0;2625.0;2623.5;2623.5;2.0
2024-09-25T06:15:00Z;2622.5;2622.5;2621.5;2621.5;3.0
2024-09-25T06:16:00Z;2620.0;2620.0;2619.5;2619.5;4.0
2024-09-25T06:17:00Z;2618.0;2618.0;2618.0;2618.0;1.0
2024-09-25T06:18:00Z;2616.5;2618.5;2616.5;2618.5;6.0
2024-09-25T06:19:00Z;2618.0;2619.5;2618.0;2619.5;5.0
2024-09-25T06:26:00Z;2616.0;2617.5;2615.5;2617.5;7.0
2024-09-25T06:27:00Z;2618.0;2618.0;2618.0;2618.0;1.0
2024-09-25T06:28:00Z;2618.5;2618.5;2618.0;2618.0;4.0
2024-09-25T06:30:00Z;2618.5;2618.5;2618.5;2618.5;1.0
2024-09-25T06:31:00Z;2616.0;2616.0;2615.0;2615.0;2.0
2024-09-25T06:32:00Z;2614.5;2617.0;2614.5;2617.0;2.0
2024-09-25T06:33:00Z;2615.0;2615.0;2614.5;2615.0;5.0
2024-09-25T06:34:00Z;2612.5;2616.0;2612.5;2615.0;6.0
2024-09-25T06:37:00Z;2618.5;2618.5;2618.0;2618.0;3.0
2024-09-25T06:38:00Z;2620.5;2620.5;2620.5;2620.5;1.0
2024-09-25T06:40:00Z;2621.5;2621.5;2620.0;2620.0;4.0
2024-09-25T06:41:00Z;2620.5;2623.0;2620.5;2622.5;7.0
2024-09-25T06:42:00Z;2624.0;2624.0;2624.0;2624.0;1.0
2024-09-25T06:44:00Z;2625.0;2625.0;2625.0;2625.0;1.0
2024-09-25T06:55:00Z;2622.5;2625.0;2622.5;2624.0;50.0
2024-09-25T06:56:00Z;2625.0;2625.0;2622.5;2622.5;4.0
2024-09-25T06:58:00Z;2619.0;2619.5;2619.0;2619.5;3.0
2024-09-25T06:59:00Z;2620.5;2621.0;2620.5;2620.5;4.0
2024-09-25T07:00:00Z;2621.5;2622.5;2621.5;2622.5;6.0
2024-09-25T07:01:00Z;2622.5;2622.5;2622.5;2622.5;1.0
2024-09-25T07:02:00Z;2621.0;2622.0;2621.0;2622.0;2.0
2024-09-25T07:11:00Z;2620.5;2620.5;2620.5;2620.5;1.0
2024-09-25T07:12:00Z;2620.5;2620.5;2619.0;2619.0;6.0
2024-09-25T07:13:00Z;2618.5;2618.5;2618.5;2618.5;1.0
2024-09-25T07:14:00Z;2620.0;2620.0;2620.0;2620.0;1.0
2024-09-25T07:15:00Z;2620.0;2620.0;2620.0;2620.0;1.0
2024-09-25T07:16:00Z;2617.5;2617.5;2617.5;2617.5;1.0
2024-09-25T07:18:00Z;2619.0;2619.0;2619.0;2619.0;1.0
2024-09-25T07:19:00Z;2617.0;2617.0;2617.0;2617.0;3.0
2024-09-25T07:20:00Z;2619.0;2619.0;2619.0;2619.0;1.0
2024-09-25T07:21:00Z;2619.0;2619.0;2618.0;2618.0;6.0
2024-09-25T07:23:00Z;2625.0;2625.0;2625.0;2625.0;2.0
2024-09-25T07:32:00Z;2625.0;2625.0;2625.0;2625.0;1.0
2024-09-25T07:37:00Z;2627.5;2628.0;2627.5;2628.0;3.0
2024-09-25T07:39:00Z;2627.5;2627.5;2627.5;2627.5;1.0
2024-09-25T07:42:00Z;2628.5;2628.5;2628.5;2628.5;1.0
2024-09-25T07:43:00Z;2626.0;2626.0;2625.5;2625.5;5.0
2024-09-25T07:48:00Z;2624.0;2624.0;2624.0;2624.0;2.0
2024-09-25T07:53:00Z;2625.5;2625.5;2625.5;2625.5;4.0
2024-09-25T07:54:00Z;2624.5;2624.5;2624.5;2624.5;1.0
2024-09-25T07:56:00Z;2627.5;2627.5;2627.5;2627.5;1.0
2024-09-25T08:00:00Z;2624.0;2624.0;2624.0;2624.0;2.0
2024-09-25T08:01:00Z;2624.0;2624.0;2624.0;2624.0;2.0
2024-09-25T08:02:00Z;2623.0;2623.0;2623.0;2623.0;2.0
2024-09-25T08:21:00Z;2622.5;2622.5;2622.5;2622.5;1.0
2024-09-25T08:22:00Z;2623.0;2625.0;2623.0;2625.0;4.0
2024-09-25T08:24:00Z;2626.0;2626.0;2626.0;2626.0;1.0
2024-09-25T08:27:00Z;2628.0;2628.0;2627.5;2627.5;4.0
2024-09-25T08:31:00Z;2626.5;2626.5;2626.5;2626.5;1.0
2024-09-25T08:32:00Z;2627.0;2627.0;2627.0;2627.0;1.0
2024-09-25T08:37:00Z;2629.5;2629.5;2629.5;2629.5;1.0
2024-09-25T08:39:00Z;2628.5;2628.5;2628.5;2628.5;2.0
2024-09-25T08:42:00Z;2628.5;2628.5;2628.5;2628.5;1.0
2024-09-25T08:51:00Z;2629.5;2629.5;2629.5;2629.5;1.0
2024-09-25T08:55:00Z;2624.5;2624.5;2624.5;2624.5;9.0
2024-09-25T08:56:00Z;2626.5;2626.5;2626.5;2626.5;3.0
2024-09-25T08:57:00Z;2626.5;2626.5;2626.5;2626.5;1.0
2024-09-25T08:59:00Z;2628.5;2628.5;2628.5;2628.5;1.0
2024-09-25T09:02:00Z;2629.5;2629.5;2629.5;2629.5;1.0
2024-09-25T09:04:00Z;2630.0;2630.5;2630.0;2630.5;2.0
2024-09-25T09:08:00Z;2632.0;2632.5;2632.0;2632.5;4.0
2024-09-25T09:10:00Z;2632.0;2632.0;2632.0;2632.0;1.0
2024-09-25T09:22:00Z;2625.5;2625.5;2625.5;2625.5;1.0
2024-09-25T09:23:00Z;2626.5;2626.5;2626.0;2626.0;2.0
2024-09-25T09:27:00Z;2626.5;2626.5;2626.5;2626.5;1.0
2024-09-25T09:30:00Z;2626.0;2626.0;2626.0;2626.0;2.0
2024-09-25T09:35:00Z;2628.5;2630.0;2628.5;2630.0;2.0
2024-09-25T09:42:00Z;2626.5;2626.5;2626.5;2626.5;1.0
2024-09-25T09:44:00Z;2624.5;2624.5;2624.5;2624.5;1.0
2024-09-25T09:45:00Z;2624.0;2625.0;2624.0;2625.0;6.0
2024-09-25T09:47:00Z;2625.0;2625.0;2625.0;2625.0;4.0
2024-09-25T09:58:00Z;2627.0;2627.0;2627.0;2627.0;1.0
2024-09-25T10:01:00Z;2627.0;2627.0;2624.0;2624.0;7.0
2024-09-25T10:02:00Z;2624.0;2624.0;2622.0;2622.0;4.0
2024-09-25T10:03:00Z;2622.5;2622.5;2621.5;2621.5;7.0
2024-09-25T10:04:00Z;2620.5;2620.5;2617.5;2618.0;27.0
2024-09-25T10:05:00Z;2619.0;2619.0;2617.5;2617.5;3.0
2024-09-25T10:06:00Z;2618.0;2618.0;2618.0;2618.0;1.0
2024-09-25T10:13:00Z;2632.5;2634.0;2632.5;2634.0;2.0
2024-09-25T10:14:00Z;2630.0;2630.5;2630.0;2630.5;6.0
2024-09-25T10:17:00Z;2631.5;2631.5;2631.5;2631.5;1.0
2024-09-25T10:18:00Z;2631.5;2631.5;2631.5;2631.5;1.0
2024-09-25T10:29:00Z;2630.5;2630.5;2630.5;2630.5;1.0
2024-09-25T10:30:00Z;2630.0;2630.0;2630.0;2630.0;1.0
2024-09-25T10:34:00Z;2628.5;2628.5;2628.5;2628.5;1.0
2024-09-25T10:38:00Z;2629.5;2629.5;2629.5;2629.5;1.0
2024-09-25T10:46:00Z;2627.0;2627.0;2627.0;2627.0;1.0
2024-09-25T10:47:00Z;2626.5;2627.0;2626.5;2627.0;2.0
2024-09-25T10:50:00Z;2626.5;2626.5;2626.5;2626.5;1.0
2024-09-25T10:53:00Z;2624.0;2624.0;2624.0;2624.0;1.0
2024-09-25T10:57:00Z;2625.0;2625.0;2625.0;2625.0;1.0
2024-09-25T11:04:00Z;2623.0;2624.0;2623.0;2624.0;4.0
2024-09-25T11:07:00Z;2625.0;2625.0;2625.0;2625.0;1.0
2024-09-25T11:08:00Z;2624.0;2624.0;2624.0;2624.0;2.0
2024-09-25T11:09:00Z;2623.5;2623.5;2623.5;2623.5;2.0
2024-09-25T11:10:00Z;2624.0;2624.0;2624.0;2624.0;1.0
2024-09-25T11:11:00Z;2624.0;2624.0;2624.0;2624.0;1.0
2024-09-25T11:13:00Z;2623.0;2623.0;2623.0;2623.0;3.0
2024-09-25T11:14:00Z;2624.0;2624.0;2624.0;2624.0;1.0
2024-09-25T11:19:00Z;2619.5;2619.5;2619.5;2619.5;1.0
2024-09-25T11:20:00Z;2619.0;2619.0;2619.0;2619.0;1.0
2024-09-25T11:22:00Z;2617.5;2617.5;2617.0;2617.5;7.0
2024-09-25T11:23:00Z;2617.5;2618.5;2617.5;2618.5;2.0
2024-09-25T11:24:00Z;2617.0;2617.0;2617.0;2617.0;1.0
2024-09-25T11:26:00Z;2622.0;2622.5;2622.0;2622.5;2.0
2024-09-25T11:27:00Z;2623.5;2625.0;2623.5;2625.0;3.0
2024-09-25T11:28:00Z;2625.0;2625.0;2625.0;2625.0;1.0
2024-09-25T11:29:00Z;2625.5;2625.5;2625.5;2625.5;2.0
2024-09-25T11:30:00Z;2625.5;2625.5;2625.5;2625.5;1.0
2024-09-25T11:31:00Z;2626.0;2626.0;2626.0;2626.0;2.0
2024-09-25T11:40:00Z;2622.5;2622.5;2622.5;2622.5;1.0
2024-09-25T11:43:00Z;2628.5;2628.5;2628.5;2628.5;1.0
2024-09-25T11:45:00Z;2626.5;2626.5;2626.5;2626.5;1.0
2024-09-25T11:54:00Z;2629.5;2629.5;2629.5;2629.5;1.0
2024-09-25T11:58:00Z;2631.5;2631.5;2631.5;2631.5;1.0
2024-09-25T12:03:00Z;2628.5;2628.5;2628.5;2628.5;1.0
2024-09-25T12:04:00Z;2628.5;2628.5;2628.5;2628.5;1.0
2024-09-25T12:09:00Z;2626.0;2626.0;2626.0;2626.0;1.0
2024-09-25T12:13:00Z;2626.5;2626.5;2626.5;2626.5;1.0
2024-09-25T12:14:00Z;2628.0;2628.0;2628.0;2628.0;2.0
2024-09-25T12:20:00Z;2625.0;2625.0;2625.0;2625.0;2.0
2024-09-25T12:22:00Z;2627.0;2627.0;2627.0;2627.0;1.0
2024-09-25T12:33:00Z;2626.0;2626.0;2625.0;2625.0;3.0
2024-09-25T12:34:00Z;2624.0;2624.0;2624.0;2624.0;1.0
2024-09-25T12:42:00Z;2624.0;2624.0;2624.0;2624.0;2.0
2024-09-25T12:44:00Z;2627.5;2627.5;2627.5;2627.5;1.0
2024-09-25T12:48:00Z;2623.0;2623.0;2623.0;2623.0;1.0
2024-09-25T12:49:00Z;2622.5;2622.5;2622.0;2622.0;7.0
2024-09-25T12:51:00Z;2623.0;2623.0;2623.0;2623.0;1.0
2024-09-25T12:55:00Z;2622.0;2622.0;2621.0;2621.5;6.0
2024-09-25T12:56:00Z;2621.5;2623.0;2621.5;2623.0;2.0
2024-09-25T12:59:00Z;2620.5;2620.5;2620.5;2620.5;2.0
2024-09-25T13:03:00Z;2623.5;2623.5;2623.0;2623.0;3.0
2024-09-25T13:04:00Z;2624.0;2626.0;2624.0;2626.0;4.0
2024-09-25T13:05:00Z;2625.5;2626.0;2625.5;2625.5;3.0
2024-09-25T13:06:00Z;2626.0;2626.0;2625.5;2625.5;6.0
2024-09-25T13:07:00Z;2624.5;2624.5;2624.5;2624.5;6.0
2024-09-25T13:08:00Z;2623.5;2623.5;2623.5;2623.5;1.0
2024-09-25T13:09:00Z;2622.5;2622.5;2622.5;2622.5;4.0
2024-09-25T13:12:00Z;2621.0;2621.0;2621.0;2621.0;3.0
2024-09-25T13:17:00Z;2621.0;2622.0;2621.0;2621.5;5.0
2024-09-25T13:18:00Z;2621.5;2621.5;2621.5;2621.5;5.0
2024-09-25T13:19:00Z;2622.0;2622.5;2622.0;2622.5;2.0
2024-09-25T13:20:00Z;2619.0;2619.0;2618.5;2618.5;3.0
2024-09-25T13:22:00Z;2618.5;2619.0;2618.5;2619.0;3.0
2024-09-25T13:25:00Z;2618.0;2618.0;2618.0;2618.0;2.0
2024-09-25T13:26:00Z;2618.5;2618.5;2618.5;2618.5;2.0
2024-09-25T13:27:00Z;2619.0;2619.0;2618.5;2619.0;5.0
2024-09-25T13:28:00Z;2619.5;2620.0;2619.5;2620.0;6.0
2024-09-25T13:30:00Z;2619.5;2619.5;2619.0;2619.0;2.0
2024-09-25T13:31:00Z;2616.5;2616.5;2616.5;2616.5;1.0
2024-09-25T13:32:00Z;2616.0;2617.0;2616.0;2617.0;2.0
2024-09-25T13:34:00Z;2622.5;2624.0;2621.0;2621.0;7.0
2024-09-25T13:36:00Z;2622.0;2622.5;2622.0;2622.5;2.0
2024-09-25T13:39:00Z;2619.0;2619.0;2619.0;2619.0;1.0
2024-09-25T13:40:00Z;2612.5;2612.5;2607.5;2610.0;23.0
2024-09-25T13:41:00Z;2609.5;2613.5;2608.0;2612.5;15.0
2024-09-25T13:42:00Z;2607.5;2607.5;2607.0;2607.5;3.0
2024-09-25T13:44:00Z;2610.5;2610.5;2609.0;2609.0;5.0
2024-09-25T13:46:00Z;2614.0;2615.5;2614.0;2615.5;2.0
2024-09-25T13:48:00Z;2615.5;2615.5;2615.5;2615.5;1.0
2024-09-25T13:50:00Z;2619.0;2619.0;2619.0;2619.0;1.0
2024-09-25T13:51:00Z;2613.0;2613.0;2613.0;2613.0;1.0
2024-09-25T13:52:00Z;2613.0;2613.0;2613.0;2613.0;1.0
2024-09-25T13:54:00Z;2618.5;2618.5;2618.5;2618.5;1.0
2024-09-25T13:55:00Z;2618.5;2618.5;2618.0;2618.0;3.0
2024-09-25T13:59:00Z;2619.5;2619.5;2619.5;2619.5;1.0
2024-09-25T14:03:00Z;2624.5;2624.5;2623.5;2623.5;2.0
2024-09-25T14:05:00Z;2622.0;2622.0;2622.0;2622.0;1.0
2024-09-25T14:07:00Z;2626.0;2626.0;2625.0;2625.0;4.0
2024-09-25T14:08:00Z;2626.5;2628.0;2626.5;2628.0;5.0
2024-09-25T14:09:00Z;2628.0;2628.0;2627.0;2627.0;2.0
2024-09-25T14:10:00Z;2628.0;2628.0;2625.5;2625.5;3.0
2024-09-25T14:11:00Z;2622.5;2622.5;2622.5;2622.5;1.0
2024-09-25T14:12:00Z;2621.0;2622.0;2621.0;2622.0;4.0
2024-09-25T14:14:00Z;2621.0;2624.5;2621.0;2624.5;3.0
2024-09-25T14:16:00Z;2624.5;2624.5;2624.5;2624.5;1.0
2024-09-25T14:18:00Z;2628.0;2629.0;2628.0;2629.0;2.0
2024-09-25T14:20:00Z;2628.5;2628.5;2628.5;2628.5;1.0
2024-09-25T14:21:00Z;2628.0;2628.0;2628.0;2628.0;1.0
2024-09-25T14:22:00Z;2629.0;2630.0;2629.0;2630.0;3.0
2024-09-25T14:23:00Z;2632.0;2632.0;2632.0;2632.0;1.0
2024-09-25T14:25:00Z;2631.5;2632.0;2631.5;2632.0;2.0
2024-09-25T14:27:00Z;2624.0;2627.5;2624.0;2627.5;4.0
2024-09-25T14:28:00Z;2628.0;2628.0;2628.0;2628.0;1.0
2024-09-25T14:29:00Z;2626.0;2626.0;2626.0;2626.0;2.0
2024-09-25T14:30:00Z;2623.0;2624.5;2623.0;2624.5;3.0
2024-09-25T14:34:00Z;2628.5;2629.0;2628.0;2628.0;3.0
2024-09-25T14:35:00Z;2628.0;2628.0;2627.5;2627.5;2.0
2024-09-25T14:38:00Z;2630.5;2630.5;2630.5;2630.5;1.0
2024-09-25T14:39:00Z;2632.0;2632.0;2630.0;2630.0;4.0
2024-09-25T14:42:00Z;2629.5;2629.5;2629.5;2629.5;1.0
2024-09-25T14:43:00Z;2628.0;2628.0;2628.0;2628.0;2.0
2024-09-25T14:45:00Z;2628.0;2628.0;2626.5;2626.5;5.0
2024-09-25T14:48:00Z;2620.0;2620.0;2620.0;2620.0;1.0
2024-09-25T14:52:00Z;2620.0;2620.0;2620.0;2620.0;1.0
2024-09-25T14:53:00Z;2621.0;2621.0;2621.0;2621.0;1.0
2024-09-25T14:54:00Z;2624.0;2624.0;2624.0;2624.0;1.0
2024-09-25T14:55:00Z;2624.5;2624.5;2624.5;2624.5;1.0
2024-09-25T14:56:00Z;2630.0;2630.0;2629.5;2629.5;3.0
2024-09-25T14:58:00Z;2629.0;2629.0;2629.0;2629.0;1.0
2024-09-25T14:59:00Z;2630.0;2630.5;2630.0;2630.5;3.0
2024-09-25T15:01:00Z;2629.0;2631.0;2629.0;2631.0;4.0
2024-09-25T15:04:00Z;2630.5;2630.5;2630.5;2630.5;1.0
2024-09-25T15:09:00Z;2628.5;2632.0;2628.5;2631.0;6.0
2024-09-25T15:10:00Z;2630.5;2630.5;2630.5;2630.5;1.0
2024-09-25T15:14:00Z;2625.0;2625.5;2625.0;2625.5;13.0
2024-09-25T15:22:00Z;2628.0;2628.0;2628.0;2628.0;1.0
2024-09-25T15:24:00Z;2628.5;2628.5;2628.0;2628.0;3.0
2024-09-25T15:29:00Z;2621.5;2621.5;2621.5;2621.5;2.0
2024-09-25T15:31:00Z;2619.0;2620.0;2619.0;2619.0;4.0
2024-09-25T15:32:00Z;2617.5;2618.5;2617.5;2618.5;2.0
2024-09-25T15:33:00Z;2615.0;2615.0;2615.0;2615.0;1.0
2024-09-25T15:35:00Z;2614.5;2614.5;2614.5;2614.5;1.0
2024-09-25T15:36:00Z;2617.0;2617.0;2617.0;2617.0;2.0
2024-09-25T15:37:00Z;2617.5;2618.5;2617.5;2618.5;3.0
2024-09-25T15:42:00Z;2618.0;2618.0;2617.0;2617.0;4.0
2024-09-25T15:43:00Z;2615.5;2615.5;2615.5;2615.5;2.0
2024-09-25T15:46:00Z;2615.5;2615.5;2615.5;2615.5;2.0
2024-09-25T15:47:00Z;2613.5;2613.5;2610.5;2612.5;17.0
2024-09-25T15:48:00Z;2611.0;2611.0;2609.0;2609.0;4.0
2024-09-25T15:49:00Z;2607.5;2607.5;2606.5;2606.5;3.0
2024-09-25T15:52:00Z;2606.0;2606.0;2605.0;2605.5;8.0
2024-09-25T15:53:00Z;2608.5;2608.5;2608.5;2608.5;1.0
2024-09-25T15:54:00Z;2609.0;2610.0;2609.0;2610.0;3.0
2024-09-25T15:55:00Z;2608.0;2608.0;2608.0;2608.0;3.0
2024-09-25T15:56:00Z;2602.0;2604.5;2600.5;2604.5;13.0
2024-09-25T15:57:00Z;2599.5;2601.0;2596.0;2598.0;14.0
2024-09-25T15:58:00Z;2600.0;2600.5;2599.5;2600.5;6.0
2024-09-25T15:59:00Z;2602.5;2602.5;2601.5;2602.5;5.0
2024-09-25T16:00:00Z;2602.0;2603.5;2601.0;2601.0;9.0
2024-09-25T16:01:00Z;2602.5;2603.5;2602.5;2603.0;4.0
2024-09-25T16:02:00Z;2606.0;2606.0;2605.0;2605.0;2.0
2024-09-25T16:03:00Z;2602.0;2602.0;2600.0;2600.0;6.0
2024-09-25T16:04:00Z;2598.0;2599.5;2598.0;2599.5;6.0
2024-09-25T16:05:00Z;2598.5;2598.5;2596.5;2597.5;4.0
2024-09-25T16:06:00Z;2596.5;2597.5;2595.5;2596.5;19.0
2024-09-25T16:07:00Z;2601.0;2603.5;2601.0;2602.5;10.0
2024-09-25T16:08:00Z;2604.0;2604.0;2604.0;2604.0;1.0
2024-09-25T16:12:00Z;2600.0;2601.0;2598.5;2601.0;5.0
2024-09-25T16:13:00Z;2602.0;2602.0;2602.0;2602.0;1.0
2024-09-25T16:16:00Z;2600.0;2600.0;2600.0;2600.0;1.0
2024-09-25T16:18:00Z;2603.5;2603.5;2600.0;2600.0;3.0
2024-09-25T16:19:00Z;2601.5;2601.5;2601.5;2601.5;1.0
2024-09-25T16:20:00Z;2604.0;2604.0;2604.0;2604.0;1.0
2024-09-25T16:22:00Z;2604.0;2604.0;2604.0;2604.0;4.0
2024-09-25T16:24:00Z;2605.5;2607.0;2605.5;2607.0;4.0
2024-09-25T16:27:00Z;2606.5;2607.5;2606.0;2606.0;6.0
2024-09-25T16:28:00Z;2606.5;2606.5;2606.5;2606.5;1.0
2024-09-25T16:29:00Z;2607.0;2607.0;2607.0;2607.0;1.0
2024-09-25T16:33:00Z;2606.0;2606.0;2605.0;2605.0;3.0
2024-09-25T16:36:00Z;2609.5;2609.5;2608.0;2608.0;2.0
2024-09-25T16:37:00Z;2610.0;2610.0;2610.0;2610.0;1.0
2024-09-25T16:40:00Z;2607.0;2607.0;2607.0;2607.0;1.0
2024-09-25T16:54:00Z;2606.0;2606.5;2605.0;2605.0;8.0
2024-09-25T16:55:00Z;2603.5;2604.0;2603.5;2604.0;4.0
2024-09-25T16:56:00Z;2602.5;2602.5;2601.0;2601.0;2.0
2024-09-25T16:57:00Z;2601.0;2602.0;2601.0;2602.0;7.0
2024-09-25T16:58:00Z;2601.0;2601.5;2601.0;2601.5;2.0
2024-09-25T17:00:00Z;2604.0;2605.0;2601.5;2604.0;6.0
2024-09-25T17:01:00Z;2601.5;2601.5;2601.5;2601.5;1.0
2024-09-25T17:02:00Z;2603.5;2603.5;2603.5;2603.5;2.0
2024-09-25T17:05:00Z;2601.5;2601.5;2601.5;2601.5;1.0
2024-09-25T17:07:00Z;2600.5;2601.5;2600.5;2601.5;4.0
2024-09-25T17:08:00Z;2600.0;2600.0;2599.0;2599.0;2.0
2024-09-25T17:09:00Z;2597.5;2597.5;2597.0;2597.5;4.0
2024-09-25T17:10:00Z;2597.5;2597.5;2597.5;2597.5;2.0
2024-09-25T17:11:00Z;2597.5;2597.5;2596.0;2596.0;2.0
2024-09-25T17:12:00Z;2598.5;2599.0;2598.5;2599.0;3.0
2024-09-25T17:13:00Z;2599.5;2599.5;2599.5;2599.5;1.0
2024-09-25T17:14:00Z;2598.0;2598.0;2598.0;2598.0;2.0
2024-09-25T17:15:00Z;2599.0;2599.5;2599.0;2599.0;3.0
2024-09-25T17:17:00Z;2596.0;2596.0;2588.5;2594.0;41.0
2024-09-25T17:18:00Z;2593.0;2594.0;2593.0;2594.0;5.0
2024-09-25T17:19:00Z;2593.5;2593.5;2593.0;2593.0;3.0
2024-09-25T17:20:00Z;2595.5;2595.5;2593.5;2593.5;2.0
2024-09-25T17:21:00Z;2594.5;2594.5;2594.5;2594.5;2.0
2024-09-25T17:26:00Z;2591.5;2592.5;2590.5;2590.5;5.0
2024-09-25T17:27:00Z;2587.0;2587.0;2583.5;2585.0;17.0
2024-09-25T17:28:00Z;2587.5;2588.5;2587.5;2588.5;2.0
2024-09-25T17:29:00Z;2586.0;2586.0;2580.0;2580.0;6.0
2024-09-25T17:30:00Z;2580.0;2585.0;2580.0;2585.0;5.0
2024-09-25T17:31:00Z;2585.0;2585.0;2583.0;2583.0;4.0
2024-09-25T17:33:00Z;2583.0;2584.5;2582.0;2584.5;5.0
2024-09-25T17:34:00Z;2584.0;2584.0;2577.5;2577.5;8.0
2024-09-25T17:35:00Z;2575.5;2576.0;2567.5;2570.5;33.0
2024-09-25T17:36:00Z;2574.5;2576.5;2574.5;2576.5;4.0
2024-09-25T17:37:00Z;2576.5;2579.0;2576.5;2579.0;2.0
2024-09-25T17:39:00Z;2579.5;2579.5;2578.0;2578.0;7.0
2024-09-25T17:40:00Z;2579.5;2579.5;2577.0;2577.0;7.0
2024-09-25T17:41:00Z;2576.5;2576.5;2576.5;2576.5;2.0
2024-09-25T17:42:00Z;2574.0;2575.5;2574.0;2575.5;8.0
2024-09-25T17:46:00Z;2571.5;2571.5;2571.5;2571.5;1.0
2024-09-25T17:47:00Z;2572.5;2573.0;2572.5;2572.5;3.0
2024-09-25T17:48:00Z;2572.5;2573.5;2572.5;2573.5;5.0
2024-09-25T17:49:00Z;2573.0;2574.0;2572.5;2574.0;4.0
2024-09-25T17:50:00Z;2576.0;2576.0;2576.0;2576.0;1.0
2024-09-25T17:56:00Z;2578.0;2578.0;2578.0;2578.0;2.0
2024-09-25T18:00:00Z;2576.5;2576.5;2575.5;2576.5;8.0
2024-09-25T18:01:00Z;2577.0;2578.0;2577.0;2578.0;2.0
2024-09-25T18:03:00Z;2579.5;2579.5;2578.5;2578.5;3.0
2024-09-25T18:04:00Z;2579.0;2579.5;2579.0;2579.5;3.0
2024-09-25T18:05:00Z;2580.0;2581.0;2580.0;2581.0;5.0
2024-09-25T18:06:00Z;2582.0;2582.0;2582.0;2582.0;1.0
2024-09-25T18:13:00Z;2582.0;2582.0;2582.0;2582.0;1.0
2024-09-25T18:14:00Z;2583.5;2583.5;2582.0;2582.0;6.0
2024-09-25T18:15:00Z;2581.5;2583.0;2581.5;2583.0;2.0
2024-09-25T18:16:00Z;2584.5;2585.5;2583.0;2583.0;3.0
2024-09-25T18:17:00Z;2583.5;2583.5;2583.5;2583.5;1.0
2024-09-25T18:18:00Z;2580.5;2580.5;2580.5;2580.5;1.0
2024-09-25T18:19:00Z;2580.0;2581.5;2580.0;2581.5;7.0
2024-09-25T18:20:00Z;2581.5;2581.5;2581.5;2581.5;3.0
2024-09-25T18:21:00Z;2579.0;2579.0;2579.0;2579.0;1.0
2024-09-25T18:22:00Z;2577.5;2578.0;2577.0;2578.0;4.0
2024-09-25T18:24:00Z;2580.0;2580.0;2580.0;2580.0;1.0
2024-09-25T18:26:00Z;2581.5;2581.5;2581.5;2581.5;2.0
2024-09-25T18:30:00Z;2583.0;2583.0;2583.0;2583.0;1.0
2024-09-25T18:31:00Z;2584.0;2584.0;2584.0;2584.0;1.0
2024-09-25T18:32:00Z;2584.5;2584.5;2581.5;2581.5;4.0
2024-09-25T18:36:00Z;2581.0;2581.5;2581.0;2581.5;2.0
2024-09-25T18:37:00Z;2582.5;2582.5;2582.5;2582.5;1.0
2024-09-25T18:42:00Z;2581.0;2582.0;2580.5;2581.5;7.0
2024-09-25T18:43:00Z;2581.5;2582.0;2581.5;2582.0;2.0
2024-09-25T18:44:00Z;2581.5;2581.5;2581.5;2581.5;1.0
2024-09-25T18:49:00Z;2583.5;2583.5;2582.0;2582.0;3.0
2024-09-25T18:50:00Z;2583.5;2583.5;2582.5;2582.5;10.0
2024-09-25T18:51:00Z;2582.0;2582.0;2581.5;2581.5;3.0
2024-09-25T18:52:00Z;2583.0;2584.0;2583.0;2584.0;3.0
2024-09-25T18:53:00Z;2584.0;2585.0;2584.0;2585.0;4.0
2024-09-25T18:54:00Z;2584.0;2585.0;2584.0;2585.0;2.0
2024-09-25T18:57:00Z;2583.0;2583.5;2583.0;2583.5;2.0
2024-09-25T18:59:00Z;2584.0;2584.0;2584.0;2584.0;1.0
2024-09-25T19:00:00Z;2585.0;2585.0;2583.5;2583.5;6.0
2024-09-25T19:02:00Z;2585.0;2585.0;2585.0;2585.0;1.0
2024-09-25T19:03:00Z;2584.5;2586.0;2584.5;2586.0;4.0
2024-09-25T19:05:00Z;2584.5;2584.5;2583.5;2583.5;3.0
2024-09-25T19:07:00Z;2585.5;2585.5;2585.5;2585.5;1.0
2024-09-25T19:08:00Z;2587.0;2587.0;2587.0;2587.0;3.0
2024-09-25T19:10:00Z;2587.5;2587.5;2586.5;2587.5;10.0
2024-09-25T19:12:00Z;2586.0;2586.0;2586.0;2586.0;1.0
2024-09-25T19:13:00Z;2585.0;2585.0;2585.0;2585.0;1.0
2024-09-25T19:14:00Z;2585.0;2586.0;2585.0;2586.0;4.0
2024-09-25T19:15:00Z;2586.5;2592.0;2586.0;2590.5;72.0
2024-09-25T19:16:00Z;2588.0;2589.0;2583.5;2586.0;18.0
2024-09-25T19:17:00Z;2587.5;2587.5;2587.5;2587.5;3.0
2024-09-25T19:18:00Z;2586.0;2586.0;2580.0;2582.0;55.0
2024-09-25T19:19:00Z;2581.5;2582.0;2580.5;2582.0;8.0
2024-09-25T19:20:00Z;2583.5;2584.0;2582.5;2582.5;5.0
2024-09-25T19:22:00Z;2582.0;2582.0;2582.0;2582.0;1.0
2024-09-25T19:23:00Z;2581.0;2582.0;2580.5;2582.0;10.0
2024-09-25T19:24:00Z;2583.0;2584.0;2583.0;2584.0;4.0
2024-09-25T19:25:00Z;2584.0;2586.0;2584.0;2585.5;12.0
2024-09-25T19:26:00Z;2585.0;2585.0;2581.5;2581.5;13.0
2024-09-25T19:27:00Z;2582.0;2582.0;2582.0;2582.0;1.0
2024-09-25T19:28:00Z;2583.0;2583.0;2583.0;2583.0;1.0
2024-09-25T19:29:00Z;2584.0;2584.5;2582.5;2582.5;8.0
2024-09-25T19:30:00Z;2580.0;2580.0;2580.0;2580.0;2.0
2024-09-25T19:32:00Z;2582.0;2582.0;2581.5;2581.5;2.0
2024-09-25T19:33:00Z;2581.0;2581.0;2581.0;2581.0;1.0
2024-09-25T19:34:00Z;2583.5;2584.0;2583.5;2584.0;4.0
2024-09-25T19:36:00Z;2584.0;2584.0;2583.5;2583.5;8.0
2024-09-25T19:37:00Z;2582.5;2582.5;2581.5;2581.5;10.0
2024-09-25T19:38:00Z;2581.0;2581.5;2580.5;2581.5;6.0
2024-09-25T19:39:00Z;2581.0;2581.0;2581.0;2581.0;2.0
2024-09-25T19:40:00Z;2580.5;2580.5;2579.5;2579.5;5.0
2024-09-25T19:41:00Z;2579.5;2579.5;2579.0;2579.5;5.0
2024-09-25T19:42:00Z;2579.5;2579.5;2578.0;2578.0;2.0
2024-09-25T19:44:00Z;2578.5;2578.5;2578.5;2578.5;3.0
2024-09-25T19:48:00Z;2578.0;2578.0;2578.0;2578.0;1.0
2024-09-25T19:49:00Z;2577.0;2578.0;2576.5;2578.0;5.0
2024-09-25T19:50:00Z;2578.5;2579.0;2577.5;2578.0;6.0
2024-09-25T19:51:00Z;2577.5;2577.5;2577.5;2577.5;1.0
2024-09-25T19:54:00Z;2578.5;2578.5;2578.5;2578.5;1.0
2024-09-25T19:55:00Z;2578.0;2579.0;2576.5;2576.5;5.0
2024-09-25T19:56:00Z;2576.0;2576.5;2576.0;2576.5;2.0
2024-09-25T19:57:00Z;2576.0;2576.0;2574.5;2574.5;6.0
2024-09-25T19:58:00Z;2576.0;2576.0;2573.5;2573.5;9.0
2024-09-25T19:59:00Z;2574.0;2574.0;2567.5;2571.0;87.0
2024-09-25T20:00:00Z;2571.0;2580.0;2570.5;2579.5;68.0
2024-09-25T20:01:00Z;2580.0;2582.5;2580.0;2580.0;18.0
2024-09-25T20:02:00Z;2580.0;2580.5;2579.0;2579.5;11.0
2024-09-25T20:03:00Z;2581.0;2581.0;2580.5;2580.5;2.0
2024-09-25T20:05:00Z;2579.0;2579.0;2579.0;2579.0;3.0
2024-09-25T20:06:00Z;2580.5;2581.5;2580.5;2581.5;2.0
2024-09-25T20:07:00Z;2580.5;2580.5;2578.5;2578.5;7.0
2024-09-25T20:08:00Z;2577.0;2577.0;2576.0;2576.0;12.0
2024-09-25T20:10:00Z;2577.0;2577.0;2576.5;2576.5;11.0
2024-09-25T20:11:00Z;2579.5;2581.0;2579.5;2581.0;7.0
2024-09-25T20:13:00Z;2583.5;2584.5;2583.5;2583.5;10.0
2024-09-25T20:16:00Z;2580.5;2580.5;2577.0;2578.0;19.0
2024-09-25T20:17:00Z;2581.0;2581.5;2580.5;2580.5;5.0
2024-09-25T20:26:00Z;2576.0;2576.0;2575.5;2575.5;4.0
2024-09-25T20:32:00Z;2578.5;2578.5;2578.0;2578.0;2.0
2024-09-25T20:40:00Z;2579.5;2579.5;2579.5;2579.5;1.0
2024-09-25T20:44:00Z;2579.5;2579.5;2579.5;2579.5;1.0
2024-09-25T20:49:00Z;2581.0;2581.0;2581.0;2581.0;1.0
2024-09-25T20:52:00Z;2582.0;2582.0;2581.5;2581.5;4.0
2024-09-25T20:57:00Z;2582.0;2583.5;2582.0;2583.5;2.0
2024-09-25T20:58:00Z;2581.0;2581.0;2581.0;2581.0;1.0
2024-09-25T22:01:00Z;2581.5;2581.5;2581.5;2581.5;1.0
2024-09-25T22:03:00Z;2582.0;2582.0;2582.0;2582.0;1.0
2024-09-25T22:05:00Z;2581.0;2581.0;2579.0;2579.0;4.0
2024-09-25T22:06:00Z;2580.5;2581.0;2580.5;2581.0;4.0
2024-09-25T22:09:00Z;2579.5;2579.5;2579.5;2579.5;1.0
2024-09-25T22:12:00Z;2577.0;2577.0;2577.0;2577.0;1.0
2024-09-25T22:13:00Z;2576.5;2577.5;2576.5;2577.0;7.0
2024-09-25T22:14:00Z;2574.0;2574.0;2569.0;2569.0;3.0
2024-09-25T22:15:00Z;2570.0;2570.0;2570.0;2570.0;1.0
2024-09-25T22:16:00Z;2575.5;2575.5;2575.5;2575.5;1.0
2024-09-25T22:19:00Z;2579.0;2579.0;2578.0;2578.0;3.0
2024-09-25T22:20:00Z;2576.5;2576.5;2576.5;2576.5;1.0
2024-09-25T22:21:00Z;2575.0;2575.0;2575.0;2575.0;1.0
2024-09-25T22:41:00Z;2572.5;2573.0;2572.5;2573.0;4.0
2024-09-25T22:42:00Z;2571.5;2571.5;2568.5;2568.5;2.0
2024-09-25T22:43:00Z;2568.5;2569.5;2568.5;2568.5;4.0
2024-09-25T22:44:00Z;2567.0;2567.0;2564.0;2564.5;3.0
2024-09-25T22:45:00Z;2562.5;2566.5;2562.5;2566.5;2.0
2024-09-25T22:46:00Z;2562.0;2562.0;2562.0;2562.0;1.0
2024-09-25T22:47:00Z;2561.0;2561.0;2560.0;2561.0;4.0
2024-09-25T22:48:00Z;2560.0;2560.0;2556.5;2556.5;5.0
2024-09-25T22:49:00Z;2566.0;2566.0;2566.0;2566.0;1.0
2024-09-25T22:54:00Z;2574.0;2576.0;2572.0;2572.0;7.0
2024-09-25T23:00:00Z;2573.5;2573.5;2573.5;2573.5;1.0
2024-09-25T23:01:00Z;2573.0;2573.5;2570.5;2571.0;8.0
2024-09-25T23:03:00Z;2573.5;2573.5;2571.5;2571.5;4.0
2024-09-25T23:04:00Z;2569.5;2569.5;2569.5;2569.5;2.0
2024-09-25T23:05:00Z;2568.5;2570.5;2568.5;2570.5;2.0
2024-09-25T23:06:00Z;2569.0;2569.0;2569.0;2569.0;1.0
2024-09-25T23:07:00Z;2570.5;2570.5;2570.5;2570.5;1.0
2024-09-25T23:10:00Z;2579.0;2579.0;2579.0;2579.0;2.0
2024-09-25T23:13:00Z;2578.0;2578.0;2578.0;2578.0;1.0
2024-09-25T23:20:00Z;2577.0;2577.0;2577.0;2577.0;2.0
2024-09-25T23:23:00Z;2576.5;2576.5;2576.5;2576.5;1.0
2024-09-25T23:24:00Z;2570.0;2570.0;2570.0;2570.0;1.0
2024-09-25T23:25:00Z;2571.5;2571.5;2571.5;2571.5;1.0
2024-09-25T23:31:00Z;2574.5;2576.5;2574.5;2576.5;3.0
2024-09-25T23:41:00Z;2573.0;2573.0;2573.0;2573.0;1.0
2024-09-25T23:43:00Z;2571.5;2572.5;2571.5;2572.5;2.0
2024-09-25T23:48:00Z;2576.0;2576.0;2576.0;2576.0;1.0
2024-09-25T23:49:00Z;2576.5;2576.5;2576.5;2576.5;1.0
2024-09-25T23:52:00Z;2577.0;2577.0;2577.0;2577.0;1.0
2024-09-25T23:54:00Z;2578.5;2578.5;2578.5;2578.5;1.0
2024-09-25T23:57:00Z;2581.0;2581.0;2581.0;2581.0;1.0
2024-09-25T23:58:00Z;2582.0;2582.0;2582.0;2582.0;1.0
2024-09-26T00:00:00Z;2581.5;2581.5;2581.5;2581.5;1.0
2024-09-26T00:01:00Z;2584.0;2584.0;2584.0;2584.0;1.0
2024-09-26T00:04:00Z;2586.0;2587.0;2586.0;2587.0;6.0
2024-09-26T00:05:00Z;2586.0;2586.0;2585.0;2585.0;2.0
2024-09-26T00:12:00Z;2590.0;2590.0;2590.0;2590.0;2.0
2024-09-26T00:22:00Z;2585.0;2585.5;2583.5;2583.5;3.0
2024-09-26T00:32:00Z;2582.5;2582.5;2582.5;2582.5;1.0
2024-09-26T00:35:00Z;2581.5;2581.5;2581.5;2581.5;1.0
2024-09-26T00:36:00Z;2580.0;2580.0;2577.5;2577.5;5.0
2024-09-26T00:38:00Z;2577.0;2577.0;2577.0;2577.0;1.0
2024-09-26T00:39:00Z;2575.0;2575.0;2575.0;2575.0;1.0
2024-09-26T00:41:00Z;2579.0;2579.0;2579.0;2579.0;1.0
2024-09-26T00:48:00Z;2562.0;2562.0;2562.0;2562.0;1.0
2024-09-26T00:51:00Z;2564.0;2564.0;2564.0;2564.0;1.0
2024-09-26T01:01:00Z;2570.0;2570.0;2568.0;2568.0;9.0
2024-09-26T01:02:00Z;2569.0;2569.5;2569.0;2569.5;5.0
2024-09-26T01:05:00Z;2567.5;2567.5;2567.5;2567.5;1.0
2024-09-26T01:06:00Z;2567.0;2567.0;2567.0;2567.0;1.0
2024-09-26T01:09:00Z;2562.5;2562.5;2562.5;2562.5;1.0
2024-09-26T01:10:00Z;2572.0;2573.0;2572.0;2573.0;4.0
2024-09-26T01:16:00Z;2571.5;2571.5;2571.5;2571.5;1.0
2024-09-26T01:17:00Z;2575.0;2575.0;2575.0;2575.0;1.0
2024-09-26T01:18:00Z;2574.0;2574.0;2574.0;2574.0;1.0
2024-09-26T01:19:00Z;2574.5;2574.5;2574.5;2574.5;1.0
2024-09-26T01:20:00Z;2575.5;2575.5;2572.5;2572.5;2.0
2024-09-26T01:21:00Z;2571.0;2571.0;2571.0;2571.0;1.0
2024-09-26T01:22:00Z;2570.5;2570.5;2570.5;2570.5;1.0
2024-09-26T01:25:00Z;2574.0;2574.0;2573.5;2573.5;2.0
2024-09-26T01:26:00Z;2573.5;2574.5;2571.5;2571.5;4.0
2024-09-26T01:27:00Z;2570.0;2570.0;2570.0;2570.0;1.0
2024-09-26T01:28:00Z;2572.5;2572.5;2572.5;2572.5;1.0
2024-09-26T01:37:00Z;2564.0;2565.0;2564.0;2564.5;5.0
2024-09-26T01:38:00Z;2562.0;2562.5;2561.5;2561.5;3.0
2024-09-26T01:39:00Z;2567.0;2567.0;2567.0;2567.0;1.0
2024-09-26T01:40:00Z;2567.5;2567.5;2567.5;2567.5;1.0
2024-09-26T01:41:00Z;2573.0;2573.0;2573.0;2573.0;1.0
2024-09-26T01:48:00Z;2579.0;2579.0;2579.0;2579.0;2.0
2024-09-26T01:50:00Z;2580.5;2585.5;2580.5;2585.5;23.0
2024-09-26T01:51:00Z;2584.5;2586.0;2584.5;2586.0;4.0
2024-09-26T01:52:00Z;2585.0;2588.0;2585.0;2588.0;3.0
2024-09-26T01:53:00Z;2584.0;2586.0;2584.0;2586.0;4.0
2024-09-26T01:54:00Z;2588.0;2588.0;2588.0;2588.0;1.0
2024-09-26T01:55:00Z;2586.0;2586.0;2586.0;2586.0;2.0
2024-09-26T01:59:00Z;2587.5;2587.5;2587.5;2587.5;2.0
2024-09-26T02:01:00Z;2589.5;2594.5;2589.5;2593.0;8.0
2024-09-26T02:02:00Z;2594.5;2597.5;2593.5;2595.5;18.0
2024-09-26T02:03:00Z;2597.5;2597.5;2595.5;2595.5;4.0
2024-09-26T02:04:00Z;2596.5;2596.5;2591.5;2591.5;5.0
2024-09-26T02:06:00Z;2594.5;2594.5;2594.5;2594.5;1.0
2024-09-26T02:08:00Z;2595.5;2595.5;2595.5;2595.5;1.0
2024-09-26T02:09:00Z;2596.0;2597.0;2596.0;2597.0;3.0
2024-09-26T02:10:00Z;2596.5;2596.5;2596.5;2596.5;1.0
2024-09-26T02:11:00Z;2596.0;2596.0;2596.0;2596.0;1.0
2024-09-26T02:12:00Z;2594.5;2594.5;2594.0;2594.0;2.0
2024-09-26T02:14:00Z;2594.5;2594.5;2594.5;2594.5;1.0
2024-09-26T02:15:00Z;2592.5;2592.5;2592.5;2592.5;1.0
2024-09-26T02:16:00Z;2593.0;2593.0;2593.0;2593.0;1.0
2024-09-26T02:20:00Z;2596.0;2596.0;2596.0;2596.0;1.0
2024-09-26T02:30:00Z;2596.5;2597.5;2596.5;2597.5;7.0
2024-09-26T02:31:00Z;2597.0;2597.0;2597.0;2597.0;1.0
2024-09-26T02:34:00Z;2601.0;2602.5;2601.0;2602.5;3.0
2024-09-26T02:35:00Z;2603.0;2603.0;2600.0;2600.0;5.0
2024-09-26T02:39:00Z;2601.0;2601.0;2601.0;2601.0;2.0
2024-09-26T02:40:00Z;2599.5;2599.5;2599.5;2599.5;1.0
2024-09-26T02:44:00Z;2600.0;2600.0;2600.0;2600.0;2.0
2024-09-26T02:54:00Z;2597.5;2598.0;2597.5;2598.0;2.0
2024-09-26T02:56:00Z;2599.5;2599.5;2599.5;2599.5;2.0
2024-09-26T02:57:00Z;2600.5;2600.5;2600.5;2600.5;1.0
2024-09-26T03:05:00Z;2599.0;2599.0;2599.0;2599.0;1.0
2024-09-26T03:11:00Z;2597.5;2597.5;2597.5;2597.5;2.0
2024-09-26T03:14:00Z;2600.5;2600.5;2600.5;2600.5;1.0
2024-09-26T03:15:00Z;2600.0;2602.0;2600.0;2601.5;11.0
2024-09-26T03:16:00Z;2601.5;2604.0;2601.5;2604.0;3.0
2024-09-26T03:18:00Z;2603.0;2603.0;2603.0;2603.0;2.0
2024-09-26T03:20:00Z;2599.0;2599.5;2599.0;2599.5;2.0
2024-09-26T03:25:00Z;2597.5;2597.5;2597.5;2597.5;1.0
2024-09-26T03:26:00Z;2597.0;2597.0;2597.0;2597.0;1.0
2024-09-26T03:27:00Z;2596.0;2596.0;2596.0;2596.0;1.0
2024-09-26T03:28:00Z;2596.0;2596.0;2596.0;2596.0;1.0
2024-09-26T03:29:00Z;2596.5;2596.5;2595.5;2596.0;4.0
2024-09-26T03:30:00Z;2595.5;2595.5;2595.5;2595.5;1.0
2024-09-26T03:31:00Z;2596.5;2596.5;2596.5;2596.5;1.0
2024-09-26T03:33:00Z;2597.5;2597.5;2597.5;2597.5;1.0
2024-09-26T03:36:00Z;2602.0;2602.0;2602.0;2602.0;1.0
2024-09-26T03:37:00Z;2604.0;2604.0;2604.0;2604.0;1.0
2024-09-26T03:39:00Z;2602.0;2602.0;2602.0;2602.0;1.0
2024-09-26T03:53:00Z;2606.5;2606.5;2606.5;2606.5;2.0
2024-09-26T03:57:00Z;2604.0;2604.0;2603.0;2603.0;4.0
2024-09-26T03:58:00Z;2603.0;2603.0;2603.0;2603.0;1.0
2024-09-26T03:59:00Z;2605.5;2605.5;2605.5;2605.5;1.0
2024-09-26T04:02:00Z;2603.5;2603.5;2603.0;2603.5;4.0
2024-09-26T04:06:00Z;2603.5;2605.0;2603.5;2605.0;2.0
2024-09-26T04:08:00Z;2607.0;2607.0;2607.0;2607.0;1.0
2024-09-26T04:10:00Z;2606.0;2607.0;2606.0;2607.0;2.0
2024-09-26T04:11:00Z;2605.5;2607.0;2605.5;2606.5;3.0
2024-09-26T04:12:00Z;2605.5;2605.5;2605.0;2605.0;3.0
2024-09-26T04:16:00Z;2605.5;2606.5;2605.5;2606.5;2.0
2024-09-26T04:17:00Z;2606.0;2606.0;2606.0;2606.0;2.0
2024-09-26T04:22:00Z;2604.5;2604.5;2603.5;2603.5;4.0
2024-09-26T04:24:00Z;2603.5;2603.5;2603.5;2603.5;3.0
2024-09-26T04:25:00Z;2604.5;2605.0;2604.5;2605.0;4.0
2024-09-26T04:29:00Z;2605.0;2605.0;2605.0;2605.0;1.0
2024-09-26T04:30:00Z;2602.5;2602.5;2602.5;2602.5;3.0
2024-09-26T04:31:00Z;2600.5;2601.5;2600.5;2601.5;3.0
2024-09-26T04:34:00Z;2601.0;2601.0;2601.0;2601.0;1.0
2024-09-26T04:35:00Z;2600.5;2600.5;2600.5;2600.5;2.0
2024-09-26T04:40:00Z;2600.5;2600.5;2600.5;2600.5;2.0
2024-09-26T04:41:00Z;2600.0;2600.0;2600.0;2600.0;1.0
2024-09-26T04:42:00Z;2599.0;2599.0;2599.0;2599.0;1.0
2024-09-26T04:43:00Z;2599.5;2599.5;2599.5;2599.5;1.0
2024-09-26T04:44:00Z;2600.0;2600.0;2600.0;2600.0;2.0
2024-09-26T04:47:00Z;2598.5;2598.5;2598.5;2598.5;2.0
2024-09-26T04:48:00Z;2597.5;2597.5;2597.5;2597.5;1.0
2024-09-26T04:50:00Z;2597.0;2597.0;2597.0;2597.0;1.0
2024-09-26T04:55:00Z;2595.0;2595.0;2593.5;2593.5;3.0
2024-09-26T05:05:00Z;2599.5;2599.5;2599.5;2599.5;2.0
2024-09-26T05:08:00Z;2600.5;2600.5;2600.5;2600.5;1.0
2024-09-26T05:09:00Z;2602.0;2602.0;2602.0;2602.0;1.0
2024-09-26T05:13:00Z;2602.0;2602.5;2602.0;2602.5;2.0
2024-09-26T05:15:00Z;2602.0;2602.0;2602.0;2602.0;1.0
2024-09-26T05:19:00Z;2607.0;2607.0;2607.0;2607.0;1.0
2024-09-26T05:20:00Z;2606.0;2606.0;2606.0;2606.0;1.0
2024-09-26T05:28:00Z;2606.5;2606.5;2606.0;2606.0;4.0
2024-09-26T05:30:00Z;2609.5;2612.5;2609.5;2612.5;14.0
2024-09-26T05:31:00Z;2613.0;2613.0;2612.0;2612.0;7.0
2024-09-26T05:32:00Z;2615.5;2617.5;2615.0;2617.5;20.0
2024-09-26T05:33:00Z;2617.0;2617.0;2615.5;2615.5;3.0
2024-09-26T05:34:00Z;2615.5;2615.5;2615.0;2615.5;5.0
2024-09-26T05:35:00Z;2616.5;2616.5;2615.5;2615.5;2.0
2024-09-26T05:36:00Z;2614.5;2615.0;2614.5;2615.0;3.0
2024-09-26T05:38:00Z;2613.5;2613.5;2613.5;2613.5;2.0
2024-09-26T05:42:00Z;2616.0;2616.0;2616.0;2616.0;1.0
2024-09-26T05:47:00Z;2619.0;2619.0;2619.0;2619.0;1.0
2024-09-26T05:50:00Z;2617.0;2617.0;2617.0;2617.0;2.0
2024-09-26T05:51:00Z;2616.5;2616.5;2616.5;2616.5;1.0
2024-09-26T05:52:00Z;2617.5;2618.0;2617.5;2618.0;2.0
2024-09-26T05:53:00Z;2618.0;2618.0;2618.0;2618.0;1.0
2024-09-26T05:54:00Z;2617.0;2618.0;2617.0;2618.0;7.0
2024-09-26T05:55:00Z;2618.0;2618.0;2618.0;2618.0;5.0
2024-09-26T05:58:00Z;2616.0;2616.0;2616.0;2616.0;1.0
2024-09-26T06:00:00Z;2618.0;2618.0;2618.0;2618.0;1.0
2024-09-26T06:05:00Z;2616.5;2617.0;2616.5;2617.0;2.0
2024-09-26T06:07:00Z;2616.0;2616.0;2616.0;2616.0;2.0
2024-09-26T06:08:00Z;2617.0;2617.0;2617.0;2617.0;1.0
2024-09-26T06:09:00Z;2618.0;2618.0;2618.0;2618.0;1.0
2024-09-26T06:10:00Z;2618.0;2618.0;2618.0;2618.0;2.0
2024-09-26T06:11:00Z;2620.5;2621.5;2620.5;2621.5;2.0
2024-09-26T06:12:00Z;2620.0;2620.0;2620.0;2620.0;1.0
2024-09-26T06:13:00Z;2620.5;2620.5;2620.5;2620.5;1.0
2024-09-26T06:20:00Z;2622.0;2622.0;2622.0;2622.0;2.0
2024-09-26T06:28:00Z;2618.5;2618.5;2618.0;2618.0;2.0
2024-09-26T06:29:00Z;2617.5;2617.5;2617.5;2617.5;1.0
2024-09-26T06:30:00Z;2618.5;2619.5;2618.5;2619.5;2.0
2024-09-26T06:34:00Z;2618.0;2618.0;2618.0;2618.0;2.0
2024-09-26T06:35:00Z;2620.0;2620.0;2620.0;2620.0;1.0
2024-09-26T06:36:00Z;2619.0;2619.0;2619.0;2619.0;1.0
2024-09-26T06:39:00Z;2618.5;2618.5;2618.5;2618.5;1.0
2024-09-26T06:41:00Z;2620.0;2620.5;2620.0;2620.5;2.0
2024-09-26T06:44:00Z;2619.5;2619.5;2619.5;2619.5;1.0
2024-09-26T06:48:00Z;2620.0;2620.0;2620.0;2620.0;3.0
2024-09-26T06:50:00Z;2617.5;2617.5;2617.0;2617.0;2.0
2024-09-26T06:55:00Z;2620.0;2620.0;2620.0;2620.0;1.0
2024-09-26T07:02:00Z;2617.5;2617.5;2617.5;2617.5;1.0
2024-09-26T07:05:00Z;2619.0;2619.0;2619.0;2619.0;1.0
2024-09-26T07:06:00Z;2618.5;2619.0;2618.5;2619.0;2.0
2024-09-26T07:15:00Z;2618.0;2619.0;2618.0;2619.0;2.0
2024-09-26T07:20:00Z;2623.5;2623.5;2623.5;2623.5;1.0
2024-09-26T07:21:00Z;2622.0;2622.0;2622.0;2622.0;1.0
2024-09-26T07:30:00Z;2624.5;2624.5;2622.5;2622.5;2.0
2024-09-26T07:33:00Z;2620.0;2621.0;2620.0;2621.0;2.0
2024-09-26T07:34:00Z;2622.5;2624.0;2622.5;2624.0;2.0
2024-09-26T07:36:00Z;2623.0;2623.0;2622.5;2622.5;3.0
2024-09-26T07:38:00Z;2625.0;2625.0;2625.0;2625.0;1.0
2024-09-26T07:39:00Z;2624.5;2625.5;2624.5;2625.5;5.0
2024-09-26T07:40:00Z;2626.5;2626.5;2625.5;2625.5;3.0
2024-09-26T07:42:00Z;2627.0;2627.0;2627.0;2627.0;1.0
2024-09-26T07:46:00Z;2627.0;2627.0;2627.0;2627.0;1.0
2024-09-26T07:50:00Z;2631.0;2631.0;2631.0;2631.0;1.0
2024-09-26T07:53:00Z;2632.5;2632.5;2632.5;2632.5;1.0
2024-09-26T07:54:00Z;2636.0;2638.0;2636.0;2637.0;6.0
2024-09-26T07:58:00Z;2633.5;2633.5;2633.5;2633.5;1.0
2024-09-26T07:59:00Z;2632.0;2633.0;2632.0;2633.0;3.0
2024-09-26T08:04:00Z;2631.0;2631.0;2631.0;2631.0;2.0
2024-09-26T08:05:00Z;2632.0;2632.0;2632.0;2632.0;2.0
2024-09-26T08:13:00Z;2630.5;2630.5;2630.5;2630.5;1.0
2024-09-26T08:20:00Z;2630.0;2630.0;2630.0;2630.0;1.0
2024-09-26T08:21:00Z;2631.0;2631.0;2630.5;2630.5;2.0
2024-09-26T08:22:00Z;2630.0;2630.0;2629.0;2629.5;3.0
2024-09-26T08:23:00Z;2629.0;2629.0;2629.0;2629.0;1.0
2024-09-26T08:24:00Z;2628.0;2628.0;2628.0;2628.0;1.0
2024-09-26T08:30:00Z;2627.5;2627.5;2627.5;2627.5;1.0
2024-09-26T08:31:00Z;2628.5;2628.5;2628.5;2628.5;2.0
2024-09-26T08:59:00Z;2619.0;2622.5;2618.0;2622.5;13.0
2024-09-26T09:05:00Z;2620.0;2620.0;2620.0;2620.0;1.0
2024-09-26T09:14:00Z;2618.0;2618.0;2618.0;2618.0;1.0
2024-09-26T09:15:00Z;2618.0;2618.0;2618.0;2618.0;1.0
2024-09-26T09:18:00Z;2617.0;2617.0;2617.0;2617.0;1.0
2024-09-26T09:20:00Z;2618.5;2618.5;2618.5;2618.5;1.0
2024-09-26T09:21:00Z;2620.0;2620.0;2620.0;2620.0;2.0
2024-09-26T09:24:00Z;2618.5;2618.5;2618.5;2618.5;3.0
2024-09-26T09:26:00Z;2625.5;2627.5;2625.5;2627.5;3.0
2024-09-26T09:33:00Z;2620.5;2620.5;2619.5;2619.5;3.0
2024-09-26T09:34:00Z;2622.0;2622.0;2622.0;2622.0;2.0
2024-09-26T09:37:00Z;2623.5;2623.5;2623.5;2623.5;1.0
2024-09-26T09:38:00Z;2623.5;2623.5;2623.5;2623.5;1.0
2024-09-26T09:39:00Z;2624.0;2624.0;2624.0;2624.0;2.0
2024-09-26T09:43:00Z;2621.0;2621.0;2621.0;2621.0;1.0
2024-09-26T10:03:00Z;2620.5;2620.5;2620.5;2620.5;1.0
2024-09-26T10:04:00Z;2620.5;2620.5;2620.5;2620.5;1.0
2024-09-26T10:07:00Z;2622.5;2624.5;2622.5;2624.5;2.0
2024-09-26T10:12:00Z;2627.5;2627.5;2627.5;2627.5;1.0
2024-09-26T10:18:00Z;2628.5;2633.0;2628.5;2631.5;5.0
2024-09-26T10:19:00Z;2634.5;2634.5;2634.5;2634.5;2.0
2024-09-26T10:20:00Z;2634.5;2634.5;2634.5;2634.5;3.0
2024-09-26T10:22:00Z;2631.0;2631.0;2631.0;2631.0;2.0
2024-09-26T10:27:00Z;2629.5;2629.5;2629.5;2629.5;1.0
2024-09-26T10:28:00Z;2632.0;2632.5;2632.0;2632.5;3.0
2024-09-26T10:31:00Z;2635.0;2635.0;2634.5;2635.0;6.0
2024-09-26T10:32:00Z;2640.0;2640.0;2639.5;2639.5;3.0
2024-09-26T10:33:00Z;2639.5;2639.5;2638.5;2638.5;2.0
2024-09-26T10:35:00Z;2639.5;2641.0;2639.5;2640.0;4.0
2024-09-26T10:36:00Z;2641.0;2641.0;2641.0;2641.0;1.0
2024-09-26T10:38:00Z;2640.0;2640.0;2638.5;2639.5;4.0
2024-09-26T10:39:00Z;2638.5;2638.5;2638.5;2638.5;1.0
2024-09-26T10:40:00Z;2637.5;2640.0;2637.5;2640.0;17.0
2024-09-26T10:41:00Z;2640.0;2640.5;2640.0;2640.5;10.0
2024-09-26T10:42:00Z;2640.0;2640.0;2640.0;2640.0;1.0
2024-09-26T10:43:00Z;2638.0;2638.0;2637.0;2637.0;2.0
2024-09-26T10:46:00Z;2637.5;2637.5;2637.5;2637.5;1.0
2024-09-26T10:54:00Z;2636.5;2637.0;2636.5;2637.0;5.0
2024-09-26T11:04:00Z;2628.5;2629.0;2628.5;2628.5;6.0
2024-09-26T11:05:00Z;2630.5;2631.0;2630.0;2630.0;4.0
2024-09-26T11:07:00Z;2630.0;2630.0;2630.0;2630.0;2.0
2024-09-26T11:14:00Z;2630.0;2630.0;2630.0;2630.0;2.0
2024-09-26T11:15:00Z;2631.5;2631.5;2631.5;2631.5;2.0
2024-09-26T11:16:00Z;2630.5;2630.5;2630.5;2630.5;1.0
2024-09-26T11:20:00Z;2632.0;2632.0;2632.0;2632.0;1.0
2024-09-26T11:36:00Z;2632.0;2634.0;2632.0;2632.0;19.0
2024-09-26T11:37:00Z;2632.0;2632.0;2631.0;2631.0;5.0
2024-09-26T11:38:00Z;2631.5;2632.0;2631.0;2632.0;6.0
2024-09-26T11:39:00Z;2632.5;2633.5;2632.0;2632.0;9.0
2024-09-26T11:42:00Z;2631.0;2631.0;2631.0;2631.0;2.0
2024-09-26T11:43:00Z;2632.5;2632.5;2632.5;2632.5;1.0
2024-09-26T11:51:00Z;2632.0;2632.0;2632.0;2632.0;1.0
2024-09-26T11:52:00Z;2632.0;2633.5;2631.5;2631.5;6.0
2024-09-26T11:53:00Z;2632.0;2632.0;2631.5;2631.5;2.0
2024-09-26T11:56:00Z;2629.5;2629.5;2629.5;2629.5;1.0
2024-09-26T12:00:00Z;2631.0;2631.0;2629.5;2631.0;7.0
2024-09-26T12:01:00Z;2631.0;2631.0;2631.0;2631.0;1.0
2024-09-26T12:03:00Z;2631.5;2631.5;2631.5;2631.5;1.0
2024-09-26T12:05:00Z;2628.0;2628.0;2625.5;2626.0;4.0
2024-09-26T12:11:00Z;2626.5;2626.5;2626.5;2626.5;1.0
2024-09-26T12:12:00Z;2630.0;2630.0;2630.0;2630.0;1.0
2024-09-26T12:13:00Z;2630.5;2630.5;2630.5;2630.5;1.0
2024-09-26T12:14:00Z;2631.0;2631.0;2631.0;2631.0;1.0
2024-09-26T12:15:00Z;2630.5;2630.5;2629.5;2629.5;3.0
2024-09-26T12:18:00Z;2630.0;2630.0;2630.0;2630.0;1.0
2024-09-26T12:19:00Z;2632.5;2632.5;2632.5;2632.5;2.0
2024-09-26T12:21:00Z;2629.0;2629.0;2629.0;2629.0;1.0
2024-09-26T12:22:00Z;2628.0;2628.0;2628.0;2628.0;2.0
2024-09-26T12:25:00Z;2632.5;2632.5;2631.0;2631.0;6.0
2024-09-26T12:26:00Z;2631.0;2631.0;2631.0;2631.0;1.0
2024-09-26T12:27:00Z;2632.5;2633.5;2632.5;2632.5;6.0
2024-09-26T12:28:00Z;2633.5;2634.0;2632.5;2633.5;9.0
2024-09-26T12:29:00Z;2633.5;2634.0;2633.5;2634.0;5.0
2024-09-26T12:30:00Z;2639.0;2640.5;2637.5;2638.0;15.0
2024-09-26T12:31:00Z;2639.0;2640.5;2639.0;2640.0;8.0
2024-09-26T12:32:00Z;2631.5;2632.0;2631.0;2632.0;7.0
2024-09-26T12:33:00Z;2631.0;2631.0;2631.0;2631.0;2.0
2024-09-26T12:34:00Z;2632.0;2632.0;2631.5;2631.5;6.0
2024-09-26T12:35:00Z;2633.5;2633.5;2633.5;2633.5;1.0
2024-09-26T12:36:00Z;2631.0;2634.0;2631.0;2634.0;6.0
2024-09-26T12:37:00Z;2633.0;2633.0;2633.0;2633.0;3.0
2024-09-26T12:39:00Z;2631.0;2631.0;2631.0;2631.0;1.0
2024-09-26T12:40:00Z;2630.5;2632.0;2630.5;2632.0;3.0
2024-09-26T12:42:00Z;2635.0;2638.0;2635.0;2638.0;5.0
2024-09-26T12:43:00Z;2638.5;2638.5;2636.5;2636.5;3.0
2024-09-26T12:45:00Z;2635.5;2635.5;2635.5;2635.5;1.0
2024-09-26T12:46:00Z;2634.5;2636.5;2634.5;2636.5;2.0
2024-09-26T12:47:00Z;2635.5;2636.0;2633.5;2633.5;3.0
2024-09-26T12:48:00Z;2632.0;2632.0;2632.0;2632.0;1.0
2024-09-26T12:58:00Z;2634.0;2634.0;2634.0;2634.0;1.0
2024-09-26T12:59:00Z;2632.0;2632.0;2632.0;2632.0;1.0
2024-09-26T13:00:00Z;2632.5;2632.5;2632.5;2632.5;1.0
2024-09-26T13:05:00Z;2634.0;2634.0;2634.0;2634.0;1.0
2024-09-26T13:06:00Z;2637.0;2637.5;2636.5;2637.5;3.0
2024-09-26T13:07:00Z;2638.5;2638.5;2637.0;2637.5;4.0
2024-09-26T13:09:00Z;2637.0;2637.0;2637.0;2637.0;1.0
2024-09-26T13:10:00Z;2636.5;2637.0;2636.0;2636.5;5.0
2024-09-26T13:14:00Z;2635.0;2635.0;2635.0;2635.0;1.0
2024-09-26T13:15:00Z;2636.0;2637.0;2636.0;2637.0;5.0
2024-09-26T13:16:00Z;2637.0;2638.0;2637.0;2638.0;3.0
2024-09-26T13:17:00Z;2637.0;2637.0;2636.5;2636.5;3.0
2024-09-26T13:19:00Z;2635.5;2635.5;2635.0;2635.0;3.0
2024-09-26T13:20:00Z;2634.5;2634.5;2634.5;2634.5;1.0
2024-09-26T13:21:00Z;2631.5;2631.5;2631.5;2631.5;3.0
2024-09-26T13:22:00Z;2631.0;2631.0;2631.0;2631.0;3.0
2024-09-26T13:23:00Z;2630.5;2630.5;2630.5;2630.5;1.0
2024-09-26T13:24:00Z;2629.5;2629.5;2627.5;2627.5;8.0
2024-09-26T13:26:00Z;2629.5;2629.5;2629.0;2629.0;2.0
2024-09-26T13:27:00Z;2627.0;2627.0;2627.0;2627.0;3.0
2024-09-26T13:31:00Z;2623.5;2623.5;2622.5;2622.5;2.0
2024-09-26T13:32:00Z;2623.0;2623.0;2619.5;2619.5;9.0
2024-09-26T13:33:00Z;2621.5;2621.5;2621.5;2621.5;1.0
2024-09-26T13:34:00Z;2620.5;2621.5;2620.5;2621.5;9.0
2024-09-26T13:35:00Z;2621.5;2621.5;2621.5;2621.5;2.0
2024-09-26T13:36:00Z;2618.5;2621.0;2618.5;2621.0;2.0
2024-09-26T13:37:00Z;2623.0;2623.0;2623.0;2623.0;2.0
2024-09-26T13:38:00Z;2624.0;2624.0;2622.0;2622.0;2.0
2024-09-26T13:39:00Z;2616.5;2616.5;2616.5;2616.5;1.0
2024-09-26T13:40:00Z;2616.0;2616.5;2614.5;2616.5;4.0
2024-09-26T13:46:00Z;2622.0;2622.0;2620.0;2620.0;4.0
2024-09-26T13:47:00Z;2618.5;2618.5;2617.5;2617.5;8.0
2024-09-26T13:48:00Z;2616.0;2616.0;2615.0;2615.0;7.0
2024-09-26T13:50:00Z;2616.0;2616.0;2616.0;2616.0;1.0
2024-09-26T13:51:00Z;2615.5;2615.5;2615.5;2615.5;2.0
2024-09-26T13:52:00Z;2615.0;2615.0;2615.0;2615.0;1.0
2024-09-26T13:53:00Z;2615.5;2615.5;2615.5;2615.5;1.0
2024-09-26T13:59:00Z;2620.0;2620.0;2620.0;2620.0;2.0
2024-09-26T14:00:00Z;2623.5;2623.5;2622.0;2622.0;6.0
2024-09-26T14:01:00Z;2626.0;2626.0;2626.0;2626.0;1.0
2024-09-26T14:04:00Z;2626.5;2626.5;2625.0;2626.5;13.0
2024-09-26T14:05:00Z;2625.0;2625.0;2622.5;2624.0;14.0
2024-09-26T14:09:00Z;2629.0;2632.0;2629.0;2632.0;6.0
2024-09-26T14:10:00Z;2633.0;2641.0;2633.0;2637.0;24.0
2024-09-26T14:11:00Z;2638.0;2641.5;2638.0;2641.0;4.0
2024-09-26T14:12:00Z;2638.5;2638.5;2638.5;2638.5;3.0
2024-09-26T14:13:00Z;2640.0;2640.0;2639.5;2639.5;3.0
2024-09-26T14:14:00Z;2638.0;2638.0;2638.0;2638.0;2.0
2024-09-26T14:15:00Z;2639.0;2639.5;2639.0;2639.5;5.0
2024-09-26T14:16:00Z;2640.5;2641.5;2640.5;2640.5;3.0
2024-09-26T14:17:00Z;2640.5;2645.0;2637.5;2645.0;15.0
2024-09-26T14:18:00Z;2648.5;2649.5;2648.5;2649.0;7.0
2024-09-26T14:19:00Z;2650.5;2650.5;2650.0;2650.0;4.0
2024-09-26T14:20:00Z;2650.0;2653.5;2650.0;2653.0;9.0
2024-09-26T14:21:00Z;2650.5;2650.5;2645.5;2646.0;17.0
2024-09-26T14:22:00Z;2651.0;2652.5;2651.0;2652.5;2.0
2024-09-26T14:23:00Z;2654.0;2656.0;2654.0;2655.0;7.0
2024-09-26T14:24:00Z;2654.5;2655.0;2648.0;2648.5;7.0
2024-09-26T14:25:00Z;2641.5;2644.0;2639.5;2644.0;7.0
2024-09-26T14:26:00Z;2637.0;2637.0;2636.5;2636.5;3.0
2024-09-26T14:27:00Z;2641.5;2642.5;2641.5;2642.5;18.0
2024-09-26T14:28:00Z;2629.0;2630.5;2629.0;2630.5;3.0
2024-09-26T14:29:00Z;2628.0;2630.0;2628.0;2630.0;3.0
2024-09-26T14:30:00Z;2631.5;2632.5;2631.5;2632.5;2.0
2024-09-26T14:31:00Z;2626.0;2626.0;2624.0;2624.0;5.0
2024-09-26T14:32:00Z;2628.0;2630.0;2628.0;2630.0;2.0
2024-09-26T14:33:00Z;2630.0;2630.0;2630.0;2630.0;1.0
2024-09-26T14:34:00Z;2631.0;2631.5;2631.0;2631.5;2.0
2024-09-26T14:35:00Z;2632.5;2634.5;2632.5;2634.5;2.0
2024-09-26T14:36:00Z;2636.0;2638.0;2635.5;2638.0;5.0
2024-09-26T14:37:00Z;2639.0;2641.0;2639.0;2639.5;15.0
2024-09-26T14:40:00Z;2637.5;2637.5;2637.5;2637.5;1.0
2024-09-26T14:41:00Z;2633.0;2634.0;2632.0;2632.0;9.0
2024-09-26T14:42:00Z;2635.0;2635.5;2635.0;2635.5;2.0
2024-09-26T14:45:00Z;2634.5;2636.5;2634.5;2636.5;3.0
2024-09-26T14:46:00Z;2640.0;2643.0;2640.0;2643.0;10.0
2024-09-26T14:47:00Z;2642.0;2642.0;2639.0;2639.0;8.0
2024-09-26T14:48:00Z;2636.0;2636.0;2636.0;2636.0;1.0
2024-09-26T14:49:00Z;2639.5;2639.5;2639.5;2639.5;1.0
2024-09-26T14:50:00Z;2637.5;2637.5;2637.0;2637.5;3.0
2024-09-26T14:51:00Z;2640.5;2640.5;2638.5;2640.0;5.0
2024-09-26T14:52:00Z;2638.5;2638.5;2638.5;2638.5;1.0
2024-09-26T14:55:00Z;2634.0;2634.0;2623.5;2623.5;14.0
2024-09-26T14:56:00Z;2627.0;2627.0;2620.5;2620.5;11.0
2024-09-26T14:57:00Z;2621.0;2621.0;2618.0;2618.0;2.0
2024-09-26T14:58:00Z;2616.0;2621.5;2616.0;2621.0;4.0
2024-09-26T14:59:00Z;2619.0;2619.0;2616.0;2616.0;10.0
2024-09-26T15:01:00Z;2617.5;2617.5;2617.5;2617.5;2.0
2024-09-26T15:02:00Z;2616.0;2616.0;2611.0;2612.0;11.0
2024-09-26T15:03:00Z;2616.5;2618.5;2616.5;2618.5;8.0
2024-09-26T15:04:00Z;2620.5;2622.0;2619.0;2621.5;9.0
2024-09-26T15:05:00Z;2622.5;2622.5;2620.0;2620.0;25.0
2024-09-26T15:06:00Z;2621.5;2621.5;2618.0;2618.0;3.0
2024-09-26T15:07:00Z;2623.5;2623.5;2623.5;2623.5;4.0
2024-09-26T15:08:00Z;2622.5;2626.5;2622.5;2626.5;5.0
2024-09-26T15:09:00Z;2625.5;2625.5;2623.5;2623.5;4.0
2024-09-26T15:10:00Z;2626.0;2626.5;2625.5;2626.5;7.0
2024-09-26T15:11:00Z;2623.0;2624.0;2623.0;2624.0;2.0
2024-09-26T15:12:00Z;2624.5;2624.5;2624.5;2624.5;1.0
2024-09-26T15:13:00Z;2625.0;2625.5;2625.0;2625.5;3.0
2024-09-26T15:14:00Z;2627.0;2630.0;2627.0;2630.0;5.0
2024-09-26T15:15:00Z;2629.5;2630.0;2629.5;2630.0;2.0
2024-09-26T15:16:00Z;2630.0;2633.5;2630.0;2633.5;6.0
2024-09-26T15:17:00Z;2635.5;2635.5;2635.5;2635.5;2.0
2024-09-26T15:18:00Z;2638.0;2639.5;2634.0;2634.0;14.0
2024-09-26T15:20:00Z;2635.5;2637.0;2635.5;2637.0;2.0
2024-09-26T15:21:00Z;2635.5;2636.5;2635.5;2636.5;2.0
2024-09-26T15:22:00Z;2637.5;2638.0;2637.5;2638.0;2.0
2024-09-26T15:23:00Z;2639.0;2642.5;2639.0;2642.5;6.0
2024-09-26T15:24:00Z;2642.0;2643.0;2641.5;2643.0;13.0
2024-09-26T15:25:00Z;2644.0;2644.0;2643.5;2644.0;7.0
2024-09-26T15:26:00Z;2646.5;2649.5;2646.5;2649.0;5.0
2024-09-26T15:27:00Z;2648.0;2648.0;2645.5;2645.5;2.0
2024-09-26T15:28:00Z;2643.5;2646.0;2643.5;2646.0;11.0
2024-09-26T15:30:00Z;2649.5;2650.5;2647.0;2647.0;6.0
2024-09-26T15:31:00Z;2653.0;2654.5;2652.0;2652.0;10.0
2024-09-26T15:32:00Z;2654.5;2654.5;2653.0;2654.5;9.0
2024-09-26T15:33:00Z;2654.0;2657.0;2654.0;2655.5;15.0
2024-09-26T15:34:00Z;2655.0;2661.0;2655.0;2659.5;13.0
2024-09-26T15:35:00Z;2660.5;2661.5;2657.5;2657.5;8.0
2024-09-26T15:36:00Z;2655.5;2656.5;2655.0;2655.5;5.0
2024-09-26T15:37:00Z;2659.0;2659.0;2659.0;2659.0;1.0
2024-09-26T15:38:00Z;2660.5;2661.0;2659.5;2659.5;5.0
2024-09-26T15:39:00Z;2658.5;2659.0;2657.0;2657.0;5.0
2024-09-26T15:40:00Z;2659.0;2660.5;2656.5;2658.0;13.0
2024-09-26T15:41:00Z;2657.0;2657.0;2657.0;2657.0;1.0
2024-09-26T15:44:00Z;2655.0;2655.0;2655.0;2655.0;1.0
2024-09-26T15:45:00Z;2662.0;2664.0;2661.0;2664.0;37.0
2024-09-26T15:46:00Z;2663.0;2670.0;2663.0;2666.0;63.0
2024-09-26T15:47:00Z;2665.5;2666.0;2664.5;2666.0;15.0
2024-09-26T15:48:00Z;2665.0;2665.0;2662.5;2663.5;37.0
2024-09-26T15:49:00Z;2660.0;2662.0;2660.0;2662.0;5.0
2024-09-26T15:50:00Z;2659.0;2659.0;2659.0;2659.0;1.0
2024-09-26T15:52:00Z;2657.0;2657.0;2654.0;2654.0;3.0
2024-09-26T15:53:00Z;2655.0;2655.0;2655.0;2655.0;1.0
2024-09-26T15:54:00Z;2655.0;2655.5;2655.0;2655.5;2.0
2024-09-26T15:55:00Z;2653.5;2653.5;2652.0;2653.0;4.0
2024-09-26T15:56:00Z;2655.0;2655.0;2655.0;2655.0;1.0
2024-09-26T15:57:00Z;2658.5;2660.0;2658.5;2660.0;4.0
2024-09-26T15:58:00Z;2658.0;2659.0;2658.0;2659.0;3.0
2024-09-26T16:01:00Z;2653.0;2653.0;2653.0;2653.0;1.0
2024-09-26T16:02:00Z;2652.5;2652.5;2652.5;2652.5;1.0
2024-09-26T16:03:00Z;2650.5;2650.5;2650.5;2650.5;1.0
2024-09-26T16:04:00Z;2649.5;2651.5;2649.5;2651.5;4.0
2024-09-26T16:06:00Z;2651.0;2651.0;2651.0;2651.0;1.0
2024-09-26T16:07:00Z;2658.0;2659.0;2658.0;2659.0;4.0
2024-09-26T16:08:00Z;2659.0;2660.0;2659.0;2659.5;5.0
2024-09-26T16:10:00Z;2656.5;2657.5;2656.5;2657.5;2.0
2024-09-26T16:11:00Z;2655.0;2655.0;2655.0;2655.0;1.0
2024-09-26T16:12:00Z;2649.5;2650.5;2649.5;2650.5;3.0
2024-09-26T16:13:00Z;2651.0;2651.5;2651.0;2651.5;2.0
2024-09-26T16:14:00Z;2649.5;2650.5;2649.5;2650.5;3.0
2024-09-26T16:15:00Z;2654.0;2654.0;2652.5;2652.5;6.0
2024-09-26T16:19:00Z;2649.0;2649.0;2649.0;2649.0;3.0
2024-09-26T16:22:00Z;2648.0;2648.0;2648.0;2648.0;1.0
2024-09-26T16:23:00Z;2649.5;2649.5;2646.0;2646.0;3.0
2024-09-26T16:24:00Z;2646.5;2646.5;2646.5;2646.5;1.0
2024-09-26T16:25:00Z;2650.5;2650.5;2650.5;2650.5;2.0
2024-09-26T16:26:00Z;2656.5;2657.5;2655.0;2656.5;11.0
2024-09-26T16:28:00Z;2655.5;2655.5;2655.5;2655.5;1.0
2024-09-26T16:29:00Z;2656.0;2656.0;2654.5;2654.5;3.0
2024-09-26T16:30:00Z;2657.0;2657.0;2657.0;2657.0;1.0
2024-09-26T16:31:00Z;2656.5;2657.0;2656.5;2656.5;6.0
2024-09-26T16:32:00Z;2659.0;2659.0;2659.0;2659.0;4.0
2024-09-26T16:33:00Z;2661.5;2661.5;2660.5;2660.5;2.0
2024-09-26T16:36:00Z;2658.0;2659.5;2658.0;2659.5;5.0
2024-09-26T16:37:00Z;2658.5;2658.5;2658.5;2658.5;1.0
2024-09-26T16:38:00Z;2661.5;2661.5;2661.5;2661.5;1.0
2024-09-26T16:39:00Z;2665.0;2668.0;2665.0;2667.5;5.0
2024-09-26T16:41:00Z;2663.5;2664.0;2663.0;2663.0;3.0
2024-09-26T16:42:00Z;2663.5;2663.5;2663.5;2663.5;1.0
2024-09-26T16:44:00Z;2662.0;2662.0;2662.0;2662.0;2.0
2024-09-26T16:47:00Z;2662.5;2662.5;2662.5;2662.5;1.0
2024-09-26T16:52:00Z;2661.5;2661.5;2661.5;2661.5;1.0
2024-09-26T16:53:00Z;2656.0;2657.0;2656.0;2657.0;2.0
2024-09-26T16:57:00Z;2658.5;2658.5;2658.5;2658.5;1.0
2024-09-26T16:59:00Z;2655.5;2655.5;2655.5;2655.5;1.0
2024-09-26T17:00:00Z;2655.0;2655.0;2651.5;2654.0;4.0
2024-09-26T17:01:00Z;2656.5;2656.5;2654.5;2654.5;6.0
2024-09-26T17:02:00Z;2656.5;2656.5;2655.5;2656.5;4.0
2024-09-26T17:03:00Z;2661.5;2661.5;2661.5;2661.5;1.0
2024-09-26T17:04:00Z;2666.0;2666.0;2663.0;2663.0;2.0
2024-09-26T17:05:00Z;2665.5;2665.5;2665.5;2665.5;1.0
2024-09-26T17:06:00Z;2665.5;2665.5;2664.5;2664.5;6.0
2024-09-26T17:08:00Z;2665.0;2665.0;2662.5;2662.5;4.0
2024-09-26T17:09:00Z;2662.0;2664.0;2662.0;2664.0;6.0
2024-09-26T17:11:00Z;2665.0;2665.0;2665.0;2665.0;1.0
2024-09-26T17:12:00Z;2666.5;2667.0;2666.5;2667.0;3.0
2024-09-26T17:13:00Z;2661.5;2661.5;2661.5;2661.5;1.0
2024-09-26T17:14:00Z;2661.0;2661.0;2661.0;2661.0;1.0
2024-09-26T17:15:00Z;2659.5;2659.5;2659.5;2659.5;1.0
2024-09-26T17:16:00Z;2660.0;2660.0;2659.5;2659.5;3.0
2024-09-26T17:17:00Z;2657.5;2657.5;2657.5;2657.5;1.0
2024-09-26T17:19:00Z;2655.0;2655.0;2655.0;2655.0;1.0
2024-09-26T17:22:00Z;2651.5;2652.5;2651.5;2651.5;6.0
2024-09-26T17:28:00Z;2649.0;2649.0;2648.0;2648.0;2.0
2024-09-26T17:30:00Z;2649.5;2650.0;2649.5;2650.0;3.0
2024-09-26T17:31:00Z;2651.0;2653.0;2651.0;2653.0;8.0
2024-09-26T17:33:00Z;2650.0;2650.0;2649.5;2649.5;4.0
2024-09-26T17:34:00Z;2646.0;2647.0;2646.0;2647.0;2.0
2024-09-26T17:35:00Z;2643.0;2643.5;2643.0;2643.0;4.0
2024-09-26T17:38:00Z;2638.0;2638.0;2637.0;2637.0;3.0
2024-09-26T17:39:00Z;2635.5;2635.5;2635.5;2635.5;1.0
2024-09-26T17:40:00Z;2636.5;2636.5;2635.5;2635.5;3.0
2024-09-26T17:41:00Z;2635.0;2635.0;2635.0;2635.0;1.0
2024-09-26T17:43:00Z;2636.5;2636.5;2636.0;2636.0;4.0
2024-09-26T17:44:00Z;2636.5;2636.5;2636.5;2636.5;1.0
2024-09-26T17:47:00Z;2636.5;2637.0;2636.0;2637.0;4.0
2024-09-26T17:49:00Z;2637.0;2637.0;2635.0;2635.0;2.0
2024-09-26T17:52:00Z;2636.5;2636.5;2636.5;2636.5;1.0
2024-09-26T17:54:00Z;2634.5;2634.5;2633.0;2633.0;2.0
2024-09-26T17:56:00Z;2634.5;2634.5;2634.5;2634.5;1.0
2024-09-26T17:57:00Z;2635.0;2635.0;2632.0;2632.0;9.0
2024-09-26T17:58:00Z;2633.0;2633.0;2631.5;2631.5;8.0
2024-09-26T17:59:00Z;2631.0;2631.0;2630.5;2630.5;5.0
2024-09-26T18:00:00Z;2634.0;2634.0;2634.0;2634.0;1.0
2024-09-26T18:01:00Z;2630.5;2630.5;2630.5;2630.5;3.0
2024-09-26T18:02:00Z;2631.0;2632.0;2630.0;2632.0;8.0
2024-09-26T18:05:00Z;2637.0;2637.0;2637.0;2637.0;13.0
2024-09-26T18:08:00Z;2639.0;2639.0;2639.0;2639.0;2.0
2024-09-26T18:13:00Z;2637.0;2638.0;2637.0;2638.0;4.0
2024-09-26T18:14:00Z;2640.0;2640.0;2640.0;2640.0;1.0
2024-09-26T18:21:00Z;2638.0;2638.0;2638.0;2638.0;2.0
2024-09-26T18:22:00Z;2637.0;2637.0;2637.0;2637.0;1.0
2024-09-26T18:24:00Z;2637.5;2637.5;2637.5;2637.5;3.0
2024-09-26T18:25:00Z;2638.0;2638.0;2638.0;2638.0;1.0
2024-09-26T18:30:00Z;2639.0;2639.0;2637.0;2637.0;2.0
2024-09-26T18:31:00Z;2639.0;2640.0;2639.0;2640.0;5.0
2024-09-26T18:33:00Z;2640.5;2640.5;2640.5;2640.5;3.0
2024-09-26T18:36:00Z;2644.5;2644.5;2644.5;2644.5;3.0
2024-09-26T18:37:00Z;2646.0;2646.0;2646.0;2646.0;1.0
2024-09-26T18:38:00Z;2644.5;2644.5;2644.5;2644.5;1.0
2024-09-26T18:41:00Z;2643.5;2643.5;2643.5;2643.5;1.0
2024-09-26T18:42:00Z;2644.0;2644.0;2643.5;2643.5;2.0
2024-09-26T18:44:00Z;2643.5;2643.5;2641.5;2641.5;6.0
2024-09-26T18:46:00Z;2643.0;2643.0;2643.0;2643.0;3.0
2024-09-26T18:49:00Z;2644.0;2644.0;2644.0;2644.0;1.0
2024-09-26T18:55:00Z;2652.0;2654.5;2652.0;2654.0;8.0
2024-09-26T18:58:00Z;2661.5;2661.5;2659.0;2659.0;2.0
2024-09-26T18:59:00Z;2661.5;2661.5;2661.5;2661.5;2.0
2024-09-26T19:00:00Z;2659.0;2659.5;2658.5;2658.5;8.0
2024-09-26T19:01:00Z;2658.0;2658.0;2655.0;2657.5;7.0
2024-09-26T19:03:00Z;2659.5;2660.0;2659.5;2660.0;2.0
2024-09-26T19:04:00Z;2660.5;2662.0;2660.5;2662.0;4.0
2024-09-26T19:06:00Z;2657.0;2657.0;2656.0;2656.5;3.0
2024-09-26T19:07:00Z;2656.0;2656.5;2656.0;2656.5;4.0
2024-09-26T19:09:00Z;2656.0;2656.0;2656.0;2656.0;2.0
2024-09-26T19:10:00Z;2656.0;2656.0;2654.0;2654.0;12.0
2024-09-26T19:12:00Z;2654.0;2654.0;2654.0;2654.0;1.0
2024-09-26T19:13:00Z;2654.0;2654.0;2654.0;2654.0;14.0
2024-09-26T19:14:00Z;2653.0;2653.0;2652.5;2652.5;2.0
2024-09-26T19:19:00Z;2653.5;2653.5;2653.5;2653.5;1.0
2024-09-26T19:22:00Z;2656.0;2656.0;2656.0;2656.0;1.0
2024-09-26T19:23:00Z;2653.0;2653.0;2653.0;2653.0;1.0
2024-09-26T19:26:00Z;2655.0;2656.5;2655.0;2656.5;2.0
2024-09-26T19:28:00Z;2653.5;2653.5;2653.5;2653.5;3.0
2024-09-26T19:30:00Z;2653.0;2653.0;2653.0;2653.0;1.0
2024-09-26T19:31:00Z;2652.0;2652.5;2651.0;2652.0;7.0
2024-09-26T19:32:00Z;2652.5;2652.5;2652.5;2652.5;2.0
2024-09-26T19:33:00Z;2653.0;2653.0;2652.5;2652.5;2.0
2024-09-26T19:35:00Z;2655.5;2655.5;2655.0;2655.0;8.0
2024-09-26T19:36:00Z;2655.0;2655.0;2655.0;2655.0;3.0
2024-09-26T19:38:00Z;2654.5;2656.5;2654.5;2656.5;2.0
2024-09-26T19:41:00Z;2658.5;2659.0;2657.5;2657.5;6.0
2024-09-26T19:42:00Z;2657.5;2657.5;2656.0;2656.0;2.0
2024-09-26T19:43:00Z;2655.0;2655.0;2654.0;2654.0;6.0
2024-09-26T19:44:00Z;2657.0;2657.0;2657.0;2657.0;1.0
2024-09-26T19:45:00Z;2656.5;2656.5;2656.5;2656.5;1.0
2024-09-26T19:46:00Z;2656.0;2656.0;2656.0;2656.0;1.0
2024-09-26T19:47:00Z;2656.5;2656.5;2656.5;2656.5;2.0
2024-09-26T19:48:00Z;2656.5;2656.5;2654.5;2654.5;7.0
2024-09-26T19:49:00Z;2654.0;2654.0;2654.0;2654.0;2.0
2024-09-26T19:50:00Z;2653.5;2655.0;2653.0;2654.5;7.0
2024-09-26T19:51:00Z;2655.0;2655.0;2655.0;2655.0;1.0
2024-09-26T19:52:00Z;2652.0;2652.0;2651.5;2651.5;2.0
2024-09-26T19:54:00Z;2653.0;2653.0;2653.0;2653.0;1.0
2024-09-26T19:55:00Z;2655.0;2655.5;2651.0;2651.0;11.0
2024-09-26T19:56:00Z;2651.0;2651.5;2651.0;2651.0;6.0
2024-09-26T19:57:00Z;2651.5;2651.5;2650.5;2651.0;5.0
2024-09-26T19:58:00Z;2650.0;2651.0;2649.5;2651.0;3.0
2024-09-26T19:59:00Z;2649.5;2653.0;2649.0;2652.0;48.0
2024-09-26T20:00:00Z;2652.0;2655.0;2652.0;2655.0;26.0
2024-09-26T20:01:00Z;2654.0;2654.0;2653.5;2654.0;4.0
2024-09-26T20:03:00Z;2654.5;2654.5;2653.5;2653.5;3.0
2024-09-26T20:04:00Z;2653.0;2655.0;2653.0;2655.0;6.0
2024-09-26T20:05:00Z;2650.0;2650.5;2650.0;2650.5;3.0
2024-09-26T20:06:00Z;2649.5;2649.5;2648.0;2648.0;5.0
2024-09-26T20:08:00Z;2648.0;2648.0;2648.0;2648.0;1.0
2024-09-26T20:11:00Z;2649.0;2649.0;2649.0;2649.0;1.0
2024-09-26T20:23:00Z;2648.5;2648.5;2645.0;2645.0;2.0
2024-09-26T20:24:00Z;2645.0;2645.0;2645.0;2645.0;1.0
2024-09-26T20:26:00Z;2644.5;2644.5;2644.0;2644.0;2.0
2024-09-26T20:27:00Z;2640.0;2641.0;2640.0;2641.0;3.0
2024-09-26T20:28:00Z;2640.0;2640.5;2637.5;2637.5;4.0
2024-09-26T20:29:00Z;2639.5;2640.5;2639.5;2640.5;19.0
2024-09-26T20:30:00Z;2642.5;2642.5;2642.5;2642.5;1.0
2024-09-26T20:37:00Z;2638.0;2638.0;2638.0;2638.0;1.0
2024-09-26T20:43:00Z;2636.0;2636.0;2636.0;2636.0;1.0
2024-09-26T20:45:00Z;2637.0;2639.5;2637.0;2639.5;4.0
2024-09-26T20:49:00Z;2634.0;2634.0;2632.0;2632.0;2.0
2024-09-26T20:55:00Z;2637.0;2637.0;2637.0;2637.0;1.0
2024-09-26T20:57:00Z;2638.5;2638.5;2638.5;2638.5;1.0
2024-09-26T20:58:00Z;2633.5;2633.5;2633.5;2633.5;1.0
2024-09-26T20:59:00Z;2637.5;2637.5;2637.5;2637.5;1.0
2024-09-26T22:02:00Z;2643.5;2643.5;2643.5;2643.5;2.0
2024-09-26T22:12:00Z;2646.5;2646.5;2646.5;2646.5;1.0
2024-09-26T22:30:00Z;2634.5;2634.5;2634.5;2634.5;1.0
2024-09-26T22:32:00Z;2637.0;2637.0;2637.0;2637.0;1.0
2024-09-26T22:39:00Z;2637.0;2639.0;2637.0;2639.0;3.0
2024-09-26T22:59:00Z;2637.0;2637.0;2637.0;2637.0;1.0
2024-09-26T23:15:00Z;2625.5;2625.5;2625.5;2625.5;1.0
2024-09-26T23:16:00Z;2624.0;2624.0;2624.0;2624.0;1.0
2024-09-26T23:17:00Z;2623.5;2624.0;2623.5;2623.5;4.0
2024-09-26T23:18:00Z;2623.0;2623.0;2623.0;2623.0;2.0
2024-09-26T23:20:00Z;2619.0;2619.0;2617.5;2617.5;2.0
2024-09-26T23:21:00Z;2618.5;2623.0;2618.5;2623.0;4.0
2024-09-26T23:24:00Z;2632.5;2632.5;2632.5;2632.5;1.0
2024-09-26T23:40:00Z;2631.0;2632.0;2631.0;2632.0;10.0
